firstName,apiVersion,script,id,firstName,lastName,countryOrigin,countryOriginAlt,countriesOriginTop,score,regionOrigin,topRegionOrigin,subRegionOrigin,probabilityCalibrated,probabilityAltCalibrated
susan,namsor_api_2.0.24,LATIN,5a7004bd-5489-462f-ba63-c59353a28266,susan,,GB,IE,"GB,IE,KE,AZ,DK,NL,AM,ID,SE,GE",0,Europe,Europe,Northern Europe,0.32597354108878795,0.38285251105775797
mary,namsor_api_2.0.24,LATIN,64ef8c84-3520-4e61-a077-6123b7f5c016,mary,,IE,KE,"IE,KE,GB,LR,TZ,IL,NL,MG,NA,AM",4.27274281276522,Europe,Europe,Northern Europe,0.572955547426031,0.6833057370934912
karen,namsor_api_2.0.24,LATIN,acbf6c89-a569-4d31-8bf9-eb88d972f731,karen,,AM,DK,"AM,DK,GB,NO,BE,NL,EE,DE,IE,TW",0.631432534565518,Asia,Asia,Western Asia,0.4511344811635333,0.6204716544779035
cynthia,namsor_api_2.0.24,LATIN,549efdbc-47a1-462c-b732-64b457d53392,cynthia,,LR,KE,"LR,KE,NL,ZA,LB,TW,NA,CM,CH,GB",0,Africa,Africa,Western Africa,0.3450562327510489,0.47658386844328626
lisa,namsor_api_2.0.24,LATIN,2f937920-571d-44a5-bdea-a80499cb9ebb,lisa,,SE,NL,"SE,NL,ZA,GB,RU,AT,ID,IE,DK,NA",2.8056978644902273,Europe,Europe,Northern Europe,0.49912503788376694,0.5006025647691614
linda,namsor_api_2.0.24,LATIN,29f6722d-4ce9-474e-8770-6aaa21ef97cb,linda,,SE,ZA,"SE,ZA,NL,NA,CZ,ID,IL,GB,NO,GE",0.0980375886809033,Europe,Europe,Northern Europe,0.3667540034345794,0.3947936298043044
debra,namsor_api_2.0.24,LATIN,060cb6e5-79a6-4f13-b9d7-ad80ab346ff9,debra,,GB,ET,"GB,ET,ZA,IE,NL,BG,KE,ID,TZ,IL",9.286454769402551,Europe,Europe,Northern Europe,0.798298919963028,0.8056042791643536
patricia,namsor_api_2.0.24,LATIN,e0deef9a-ad14-4dad-ba89-055ef5538927,patricia,,SK,IE,"SK,IE,CH,LR,KE,IT,NA,SE,FR,BE",0.8928741860438603,Europe,Europe,Eastern Europe,0.46050683496616907,0.46050683496616907
deborah,namsor_api_2.0.24,LATIN,d2a70213-7620-43d7-9642-b877d701dc32,deborah,,IE,GB,"IE,GB,LR,KE,CH,TZ,IL,NL,ID,FR",0,Europe,Europe,Northern Europe,0.29276421656398377,0.3633705151812889
sandra,namsor_api_2.0.24,LATIN,4b44c70f-ea0e-4694-b3be-eb5c09f87c86,sandra,,RS,RS,"RS,RS,AT,CH,LK,NL,RO,IN,HU,HR",0,Europe,Europe,Southern Europe,0.3424666676871729,0.5039884998597627
laura,namsor_api_2.0.24,LATIN,3baef86c-f7ac-4a08-8098-ead47b6f4bb7,laura,,RO,GE,"RO,GE,FI,LT,IT,EE,HR,NL,GB,KZ",1.526264599234461,Europe,Europe,Eastern Europe,0.4790264007650289,0.48484589690917973
elizabet,namsor_api_2.0.24,LATIN,28763cb3-7991-4714-9373-58173b696128,elizabet,,ET,IL,"ET,IL,AZ,GE,SE,BG,KE,EE,KZ,IS",0.4519059525283615,Africa,Africa,Eastern Africa,0.42605111533571005,0.42605111533571005
pamela,namsor_api_2.0.24,LATIN,422ad962-7acb-4a47-9502-e3b29a8fa161,pamela,,IT,GB,"IT,GB,BG,KE,GE,ZA,CH,NA,IL,IE",0,Europe,Europe,Southern Europe,0.24029606343398544,0.30500225355808036
donna,namsor_api_2.0.24,LATIN,9a04b419-bd4e-41e5-b16a-66c7a7f6f106,donna,,GB,IE,"GB,IE,BG,IL,ID,NA,UZ,NL,GE,IT",1.065324198652392,Europe,Europe,Northern Europe,0.4661670468118614,0.4661670468118614
kathleen,namsor_api_2.0.24,LATIN,0e5eea45-fdaa-4f64-8579-dd1cd7181d20,kathleen,,IE,BE,"IE,BE,GB,DE,DK,NL,EE,NA,KE,NO",1.5440982152617961,Europe,Europe,Northern Europe,0.4794565054300728,0.4794565054300728
lori,namsor_api_2.0.24,LATIN,7c4f382d-fee2-4dc0-8cbb-6b988c1d91b5,lori,,GE,IL,"GE,IL,RO,GB,MD,ZA,HR,HU,AM,IT",3.9784414932085057,Asia,Asia,Western Asia,0.5590093138567649,0.7788691340678647
kimberly,namsor_api_2.0.24,LATIN,6d3efe85-5492-47eb-8a8e-f91b6e1b5284,kimberly,,GB,NL,"GB,NL,KH,BE,KE,NA,TW,ZA,VN,MY",0.4305193206130132,Europe,Europe,Northern Europe,0.4225628036584641,0.43693426790525636
teresa,namsor_api_2.0.24,LATIN,353e39d5-431a-48cd-a60b-48260e29d931,teresa,,IE,CZ,"IE,CZ,FI,GE,ET,GB,SK,LR,KE,ZA",3.437137811819037,Europe,Europe,Northern Europe,0.5204129585396526,0.5204129585396526
julie,namsor_api_2.0.24,LATIN,2444d6bb-1453-4bba-b018-c4a710e84c2b,julie,,FR,BE,"FR,BE,CM,GB,DK,IE,CZ,MG,NL,CH",4.841108979463097,Europe,Europe,Western Europe,0.5938969933042255,0.6764583987877416
cheryl,namsor_api_2.0.24,LATIN,b26c9e73-0eb3-4165-abda-33803fcd83f6,cheryl,,GB,TW,"GB,TW,KE,MY,IL,ZA,NL,NA,CM,KH",1.048429840677729,Europe,Europe,Northern Europe,0.4656322765550315,0.5029283599126089
barbara,namsor_api_2.0.24,LATIN,264737c9-4631-4371-9654-4f39209050c5,barbara,,CZ,PL,"CZ,PL,SI,AT,HU,IL,CH,GE,IT,NL",1.6782425795487776,Europe,Europe,Eastern Europe,0.48253471253606156,0.6410907283102786
nancy,namsor_api_2.0.24,LATIN,4602d313-465a-4758-8e93-cdd479519998,nancy,,KE,LR,"KE,LR,BE,NA,IE,EG,LB,GB,NL,MG",2.3944241445268366,Africa,Africa,Eastern Africa,0.4947287114214297,0.4985335510035522
denise,namsor_api_2.0.24,LATIN,9cb5961b-cdb9-4bbf-a339-e6f03810b915,denise,,FR,CH,"FR,CH,IE,NL,CM,GB,BE,DK,TR,KE",0.877269333357877,Europe,Europe,Western Europe,0.45997314184562865,0.45997314184562865
christin,namsor_api_2.0.24,LATIN,75b70afc-b3af-443d-9d86-de130b2ee01e,christin,,AT,DE,"AT,DE,SE,FR,CM,CH,NO,DK,GB,BG",0.3944596160116778,Europe,Europe,Western Europe,0.4166456766228059,0.4757404859358219
carol,namsor_api_2.0.24,LATIN,53e39c8a-0995-4ca3-8ae9-b5c9dad06bd5,carol,,GB,KE,"GB,KE,IE,CM,CH,LB,NL,IL,BE,SE",0.14229620919840152,Europe,Europe,Northern Europe,0.37430243186681234,0.6278225197635446
michael,namsor_api_2.0.24,LATIN,cc70773a-bd80-4de2-a5b8-773373d925af,michael,,AT,DE,"AT,DE,DK,CH,CZ,IE,FR,KE,NL,SE",1.5721264714990597,Europe,Europe,Western Europe,0.4801224993610511,0.4801224993610511
david,namsor_api_2.0.24,LATIN,be95123c-8c19-423d-847c-0e4edf352df2,david,,CZ,GB,"CZ,GB,KE,AM,IE,GE,CH,BE,SE,CM",0.24647435143682964,Europe,Europe,Eastern Europe,0.3919639560490813,0.47901962931620984
robert,namsor_api_2.0.24,LATIN,60bafe80-70f7-4be1-9429-6161715f764d,robert,,NL,AT,"NL,AT,GB,IE,DE,FR,KE,CH,BE,AM",0.09149684551608002,Europe,Europe,Western Europe,0.36563689568470925,0.4666416482079624
john,namsor_api_2.0.24,LATIN,409efa0a-08c0-43df-80b8-8208f470fb98,john,,KE,IE,"KE,IE,GB,DK,LR,NL,SE,NO,NA,TZ",0.9773886718489107,Africa,Africa,Eastern Africa,0.4633361049009738,0.562531986028542
james,namsor_api_2.0.24,LATIN,39d7009b-ba0d-4d17-9201-5490f5e66cf7,james,,KE,GB,"KE,GB,IE,LR,TZ,NA,FR,LB,NL,TW",1.3426391308823182,Africa,Africa,Eastern Africa,0.47430695667635303,0.4823412068217801
mark,namsor_api_2.0.24,LATIN,472cf126-b1a8-4400-a4fa-2b8a4449286b,mark,,NL,GB,"NL,GB,IE,IL,DK,BE,KE,DE,EE,CH",2.320525456256586,Europe,Europe,Western Europe,0.49376310997236667,0.6133783316140541
richard,namsor_api_2.0.24,LATIN,0dada3f6-d9e4-4184-9e8a-2c87390273b4,richard,,DE,AT,"DE,AT,NL,IE,GB,KE,CH,SE,NO,CM",1.318465244528695,Europe,Europe,Western Europe,0.47364583940414706,0.502814593420398
steven,namsor_api_2.0.24,LATIN,29c4cdcc-2b48-43d9-b947-24a4f046ab89,steven,,BE,GB,"BE,GB,NL,BG,KE,RS,RS,DE,NO,TW",1.3929243189677294,Europe,Europe,Western Europe,0.4756524037886596,0.5306675922519587
william,namsor_api_2.0.24,LATIN,0151c60e-10da-476f-8f0a-cc9093a9de3e,william,,IE,GB,"IE,GB,NL,KE,LR,DE,BE,NA,LB,TZ",0.34261351850479926,Europe,Europe,Northern Europe,0.40806594772273624,0.5349296165486107
daniel,namsor_api_2.0.24,LATIN,c087833c-40fe-4b34-a0a6-e7d403a370b6,daniel,,RO,CH,"RO,CH,ET,BG,CZ,KE,HR,IL,LR,SE",1.3652553582963889,Europe,Europe,Eastern Europe,0.47491705697744324,0.47491705697744324
thomas,namsor_api_2.0.24,LATIN,69b8e80a-7565-4e1d-9df1-fcb9709c8d40,thomas,,AT,DK,"AT,DK,DE,SE,IE,CH,NO,BE,NA,GB",2.8289251498525743,Europe,Europe,Western Europe,0.4993294690612906,0.5358661953515711
jeffrey,namsor_api_2.0.24,LATIN,9ca0c29a-f9c0-4546-b5c8-fa0939a808f9,jeffrey,,NL,KE,"NL,KE,GB,TW,BE,LR,NA,FR,ZA,IE",0,Europe,Europe,Western Europe,0.29554601655394663,0.392118516254781
timothy,namsor_api_2.0.24,LATIN,9077ce12-7aca-4532-8f05-d03ffb7fe185,timothy,,KE,IE,"KE,IE,GB,LR,NA,KH,BE,NL,ZA,TW",0.8226023274673029,Africa,Africa,Eastern Africa,0.45807653695069517,0.47773755662531486
kenneth,namsor_api_2.0.24,LATIN,5e4a3649-d37f-4ba9-a895-95343e4dbd68,kenneth,,KE,GB,"KE,GB,DK,KH,BW,NO,SE,IE,TZ,NA",3.000582787587648,Africa,Africa,Eastern Africa,0.5007156609131062,0.5026341599768398
ronald,namsor_api_2.0.24,LATIN,649c758b-0db0-40be-b630-9c92e1711e51,ronald,,NL,GB,"NL,GB,AT,KE,IE,DE,IL,NO,CM,CH",3.678248159642667,Europe,Europe,Western Europe,0.5400685007132944,0.5817293957341293
kevin,namsor_api_2.0.24,LATIN,f8085d82-37ce-4eb5-a511-6bf2d8c5aaf9,kevin,,KE,GB,"KE,GB,BE,EE,TW,IE,NL,FR,CM,DE",1.5598754835631266,Africa,Africa,Eastern Africa,0.47983289470218693,0.48186788340311015
gregory,namsor_api_2.0.24,LATIN,6359a882-35e8-436c-8eea-b701f215619c,gregory,,FR,BE,"FR,BE,GB,RU,IE,KE,CH,IL,TZ,NA",0,Europe,Europe,Western Europe,0.3124429025218476,0.4289605802953429
joseph,namsor_api_2.0.24,LATIN,d472d969-576c-4f70-8873-f921094be130,joseph,,KE,LR,"KE,LR,FR,IE,CM,DE,LB,BE,NA,TZ",1.9298872225144303,Africa,Africa,Eastern Africa,0.4875898529563391,0.4897057895138054
charles,namsor_api_2.0.24,LATIN,f524e682-ee36-4f9e-807f-8fc7ed9258b0,charles,,KE,FR,"KE,FR,IE,GB,CM,CY,BE,LB,CH,NA",1.5851679278054687,Africa,Africa,Eastern Africa,0.4804282423240542,0.49898588103707237
donald,namsor_api_2.0.24,LATIN,8ab36b4e-d522-4112-b81f-c7e722ff1164,donald,,GB,NL,"GB,NL,IE,CM,KE,BW,TZ,CH,DE,NA",2.9756253203956695,Europe,Europe,Northern Europe,0.5005271651908081,0.5149315299350115
paul,namsor_api_2.0.24,LATIN,b86ce6d2-df31-464b-b8a7-bf130e6a84aa,paul,,DE,FR,"DE,FR,KE,NL,GB,CM,CH,BE,RO,IE",1.8171662792717802,Europe,Europe,Western Europe,0.48543795391752337,0.49202785111469854
brian,namsor_api_2.0.24,LATIN,3e305a6c-6851-4ac4-804c-b2d5024c0c1f,brian,,DK,IE,"DK,IE,GB,KE,NL,CH,RO,AT,SK,DE",0,Europe,Europe,Northern Europe,0.3318152574654307,0.4714413272266201
christop,namsor_api_2.0.24,LATIN,925679e2-896d-4678-b638-6906240e7a1b,christop,,NL,DE,"NL,DE,AT,CY,CM,KH,KE,DK,CH,SE",0,Europe,Europe,Western Europe,0.27795646452825157,0.3381565957594181
anthony,namsor_api_2.0.24,LATIN,f273c271-7f06-4133-b9a2-5fa4c9c5efa9,anthony,,KE,GB,"KE,GB,LR,IE,FR,LB,MG,ID,RU,CY",1.3757607711813766,Africa,Africa,Eastern Africa,0.47519768724424155,0.47519768724424155
scott,namsor_api_2.0.24,LATIN,a990b232-e541-4c00-b595-71154f4881de,scott,,GB,TW,"GB,TW,IL,IE,NL,DE,ZA,NA,DK,KR",12.783906240232865,Europe,Europe,Northern Europe,0.8859965817969139,0.8978895181495525
robin,namsor_api_2.0.24,LATIN,739c3819-1db2-47cd-9d54-a0d7166081f9,robin,,NL,GB,"NL,GB,SE,CH,BE,EE,CZ,FR,DE,NO",3.7745123328068977,Europe,Europe,Western Europe,0.5467439736914437,0.6134777911626558
kelly,namsor_api_2.0.24,LATIN,dcfc5aa2-84d4-4790-909b-de29486a006c,kelly,,GB,BW,"GB,BW,KE,NL,BE,NA,IL,EE,TW,IE",0,Europe,Europe,Northern Europe,0.30296683169838035,0.42407708945181877
michelle,namsor_api_2.0.24,LATIN,81050c05-3ff0-4795-9c93-18dc84183072,michelle,,FR,CM,"FR,CM,DK,NL,CH,BE,GB,IE,ZA,LB",0.19674614918266597,Europe,Europe,Western Europe,0.3835557571293768,0.4228129711568959
maria,namsor_api_2.0.24,LATIN,d772e789-831d-4572-bab7-2ede9e11f8cb,maria,,SK,MD,"SK,MD,GE,RO,IT,BG,CY,PL,UA,SE",6.4166726692345355,Europe,Europe,Eastern Europe,0.6745864723044626,0.729767143427781
jennifer,namsor_api_2.0.24,LATIN,e3cb1507-7783-40a0-9633-3989e2438553,jennifer,,SE,GB,"SE,GB,DK,DE,NL,KE,FR,IE,TW,IL",1.0292072434541453,Europe,Europe,Northern Europe,0.46501850399384603,0.4961741095516318
eric,namsor_api_2.0.24,LATIN,e4125ad5-facc-4d01-bde7-bfc8b92b2e34,eric,,FR,BE,"FR,BE,KE,CM,CH,SE,NL,LR,MG,DE",0,Europe,Europe,Western Europe,0.2630506530496044,0.35781609877191006
tracy,namsor_api_2.0.24,LATIN,409b908a-90f0-4e76-9545-f7eed02d2dce,tracy,,GB,VN,"GB,VN,NA,KE,IE,ZA,TW,LR,LB,BW",1.2131887784032336,Europe,Europe,Northern Europe,0.47065833367735244,0.7120918788154272
tina,namsor_api_2.0.24,LATIN,2c40ac2f-a093-4ac9-a73a-6280346540e9,tina,,GE,HR,"GE,HR,SI,DK,BG,MG,SE,NA,RO,RS",4.454613796211741,Asia,Asia,Western Asia,0.5797804109418695,0.6389241297913437
michele,namsor_api_2.0.24,LATIN,5817117c-46eb-4b05-bb47-e3e9baa16be5,michele,,IT,FR,"IT,FR,CH,CM,BE,AT,ZA,NL,LB,DK",4.540001494633975,Europe,Europe,Southern Europe,0.5825899031984868,0.6302614233327153
stephani,namsor_api_2.0.24,LATIN,2cb9aff8-8ff6-4ca3-87b1-8d2068345037,stephani,,ID,TZ,"ID,TZ,GE,ZA,BG,CY,IL,MY,LK,NA",0,Asia,Asia,South-Eastern Asia,0.25446460143008276,0.3235051989544049
wendy,namsor_api_2.0.24,LATIN,c3dddf4f-ee2a-4e5b-9bcb-8d9808ba5c43,wendy,,NL,TW,"NL,TW,BE,GB,ID,ZA,NA,KE,BF,MY",2.2709405856060103,Europe,Europe,Western Europe,0.49308151816932966,0.5024364832925683
angela,namsor_api_2.0.24,LATIN,90d47392-e11e-42f0-9897-5f5c8058ce83,angela,,MD,GE,"MD,GE,RO,IT,BG,SK,CY,CH,SE,NL",0.7209540105685079,Europe,Europe,Eastern Europe,0.45444272113840745,0.45444272113840745
tammy,namsor_api_2.0.24,LATIN,08870fba-c267-443c-9a5b-8a71eab0c683,tammy,,VN,IL,"VN,IL,NL,GB,ZA,NA,TW,LR,ID,KE",0.11813196104300205,Asia,Asia,South-Eastern Asia,0.37018362434895197,0.43290601491190583
melissa,namsor_api_2.0.24,LATIN,afaec102-d736-4274-b888-c1485fa04c52,melissa,,NL,ET,"NL,ET,IL,ZA,NA,CM,GB,ID,FR,TZ",0.08728488114981996,Europe,Europe,Western Europe,0.364917346799587,0.364917346799587
matthew,namsor_api_2.0.24,LATIN,48f238c8-cc91-4f3f-9976-6f47350da5d6,matthew,,GB,IE,"GB,IE,LR,NA,KE,MY,ET,NL,ZA,PL",0.18731080452382826,Europe,Europe,Northern Europe,0.3819554529264672,0.6236069135820029
shannon,namsor_api_2.0.24,LATIN,806f5a21-6f81-4458-af98-150a22cd008d,shannon,,IL,TW,"IL,TW,UZ,GB,MY,NA,ZA,NL,IE,LK",1.0925451421818615,Asia,Asia,Western Asia,0.46701945791655924,0.485396864339931
heather,namsor_api_2.0.24,LATIN,55bc4400-d6e7-41c4-81eb-50a112562e86,heather,,GB,IE,"GB,IE,IL,NL,DE,KE,DK,CH,LR,NA",5.5886265790993335,Europe,Europe,Northern Europe,0.6473456315354127,0.6798823652330911
jason,namsor_api_2.0.24,LATIN,0cb7fb8d-87ef-4cd9-a88f-39b543f67d35,jason,,GB,NA,"GB,NA,KE,TW,NL,KR,IE,LR,UZ,MY",3.227955764907142,Europe,Europe,Northern Europe,0.5022492097773644,0.5268164525910619
amy,namsor_api_2.0.24,LATIN,ac090ad0-4133-4e73-b11e-4826fb5171df,amy,,GB,IL,"GB,IL,MY,NL,BN,EG,IE,TW,ID,VN",0,Europe,Europe,Northern Europe,0.30958894697014044,0.316016728509609
dawn,namsor_api_2.0.24,LATIN,7d976651-1009-44d8-84cb-860759b9c797,dawn,,GB,MM,"GB,MM,ZA,IE,IL,TW,NA,KR,KE,MY",11.054903840444618,Europe,Europe,Northern Europe,0.8492183627858946,0.9016988350837879
nicole,namsor_api_2.0.24,LATIN,a31904e5-42b1-497b-b9d7-14677ea3210c,nicole,,CH,NL,"CH,NL,FR,DK,BE,CM,GB,ZA,IT,LB",0.1553034629471109,Europe,Europe,Western Europe,0.37651667557833035,0.37651667557833035
rebecca,namsor_api_2.0.24,LATIN,f17394b8-1f04-4c9c-aa26-917610494f54,rebecca,,LR,IE,"LR,IE,GB,SE,CH,KE,NL,NA,TZ,DE",2.4039435853592734,Africa,Africa,Western Africa,0.49484884966504555,0.49484884966504555
jose,namsor_api_2.0.24,LATIN,92722b7c-5c73-45e3-a4e8-6d6b29a4a272,jose,,NL,FR,"NL,FR,KE,BE,CM,MG,IE,NA,CH,LB",0.5688970819450785,Europe,Europe,Western Europe,0.44482320697770317,0.44482320697770317
monica,namsor_api_2.0.24,LATIN,af01de61-e1d1-4cf9-9bb2-b55ee3cc997a,monica,,SK,RO,"SK,RO,RS,RS,SE,IT,TZ,BG,CH,NA",0.41923987950393804,Europe,Europe,Eastern Europe,0.42071661819669803,0.4961725969714809
andrea,namsor_api_2.0.24,LATIN,74eac458-6abc-46e1-9f99-1fd733861701,andrea,,IT,SK,"IT,SK,RO,HU,HR,AT,CH,CY,DE,CZ",0,Europe,Europe,Southern Europe,0.30302345461777325,0.31726418030611353
veronica,namsor_api_2.0.24,LATIN,8b3ef2cc-c693-43af-8912-d748caeb2a89,veronica,,MD,RS,"MD,RS,RS,SK,TZ,RO,BG,NA,MK,IT",3.0240927572925957,Europe,Europe,Eastern Europe,0.5008893712697333,0.5019616540559799
jessica,namsor_api_2.0.24,LATIN,6b3394ae-385e-424b-a830-1dcc4cb812ea,jessica,,SE,NL,"SE,NL,GB,RS,RS,NA,KE,LR,CH,IE",2.218597146207028,Europe,Europe,Northern Europe,0.49233157574019515,0.49233157574019515
ryan,namsor_api_2.0.24,LATIN,d9a9eba6-1b5f-4081-9110-f3e1782edc71,ryan,,GB,ID,"GB,ID,NL,TW,IE,BN,KH,MY,BG,SA",2.6567912001980787,Europe,Europe,Northern Europe,0.4977102026177688,0.5025795071769453
joshua,namsor_api_2.0.24,LATIN,6b882833-abae-4c6c-9c29-b18cbdbc77af,joshua,,KE,LR,"KE,LR,GB,TZ,NA,IL,IE,NL,FJ,TW",4.998932727961523,Africa,Africa,Eastern Africa,0.6086753290661489,0.7120507734923542
sarah,namsor_api_2.0.24,LATIN,be34ac88-1930-4bc2-8930-6f091a355d9b,sarah,,SA,LR,"SA,LR,IE,MY,KE,GB,AE,BN,EG,LB",1.0859374631068164,Asia,Asia,Western Asia,0.46681359268635036,0.46681359268635036
aaron,namsor_api_2.0.24,LATIN,67fccb57-c5bc-431d-a420-0b0184839406,aaron,,IL,LR,"IL,LR,GB,NL,KE,EE,IE,TW,MY,NA",3.311089175986896,Asia,Asia,Western Asia,0.5082217003183768,0.6230905054772465
erin,namsor_api_2.0.24,LATIN,fd5548f1-f17c-44c6-8532-7ae4dd4af0c5,erin,,SE,EE,"SE,EE,CH,NL,ID,TR,IL,CM,TW,DE",0,Europe,Europe,Northern Europe,0.24756507334771033,0.3100778525603604
juan,namsor_api_2.0.24,LATIN,29f494a6-e26f-41e8-a7ea-62abe8965765,juan,,TW,ID,"TW,ID,BN,NA,MY,ZA,KR,GE,CH,GB",7.996375567038572,Asia,Asia,Eastern Asia,0.7465030426664078,0.7496018166544162
jeremy,namsor_api_2.0.24,LATIN,219206a0-3c73-4ba9-a496-f419c2108699,jeremy,,FR,GB,"FR,GB,NL,KE,BE,CH,NA,IE,LR,TW",3.3247408630360304,Europe,Europe,Western Europe,0.5096123339925395,0.5356788112676687
jamie,namsor_api_2.0.24,LATIN,e66f8263-7638-4b71-ab21-56c8965fc7f6,jamie,,GB,LR,"GB,LR,IE,NL,ZA,LB,NA,MY,TW,KE",2.1170271415023865,Europe,Europe,Northern Europe,0.49078353832227306,0.6147947227043769
amanda,namsor_api_2.0.24,LATIN,7bde7d75-bcf3-42d7-9362-2edcc9dcfdd1,amanda,,ZA,LK,"ZA,LK,GB,NL,EG,SE,NA,GE,NE,TZ",1.1916152281865868,Africa,Africa,Southern Africa,0.4700244232046304,0.4700244232046304
amber,namsor_api_2.0.24,LATIN,1b4b22a1-dfc0-4990-966b-0aaeb91df356,amber,,GE,NL,"GE,NL,PK,GB,IL,ET,LR,BE,AZ,AE",0.8412831083787065,Asia,Asia,Western Asia,0.45872931225332364,0.4928124094738073
andrew,namsor_api_2.0.24,LATIN,335c8bb2-0e20-4301-aaf4-71b2d89bf13c,andrew,,GB,UA,"GB,UA,IE,KE,RU,PL,CY,NA,LR,BY",1.2469222150240937,Europe,Europe,Northern Europe,0.4716347782888557,0.6290943282199437
christina,namsor_api_2.0.24,LATIN,9c667c3c-5d81-45db-801e-feaed7e9bdbe,christina,,CY,AT,"CY,AT,SE,TZ,CH,BG,DK,NA,DE,IE",0.6229971324793472,Asia,Asia,Western Asia,0.45081787445972016,0.47809614465487366
elizabeth,namsor_api_2.0.24,LATIN,a534b24e-185f-4675-84a8-427340533552,elizabeth,,TZ,IE,"TZ,IE,KE,NA,GB,LR,AT,IL,CH,NO",0.7815052029051465,Africa,Africa,Eastern Africa,0.4566237592599471,0.46952238554676917
stephanie,namsor_api_2.0.24,LATIN,60ae5581-f537-47e0-902d-1711fef13e4f,stephanie,,GB,BE,"GB,BE,FR,CM,CH,NL,DE,IE,AT,ZA",0,Europe,Europe,Northern Europe,0.21244113836340486,0.27009166691461695
christopher,namsor_api_2.0.24,LATIN,8b885d5d-ce81-43ef-b82e-5035f1fac632,christopher,,GB,AT,"GB,AT,IE,DE,KE,DK,CH,SE,FR,BE",1.9129689196708566,Europe,Europe,Northern Europe,0.48727815968577687,0.48727815968577687
nicholas,namsor_api_2.0.24,LATIN,647b4a62-d7b0-4629-842f-3e42dfcbde62,nicholas,,CY,KE,"CY,KE,GB,IE,DK,CH,SE,BE,FR,LB",0.8824116358554009,Asia,Asia,Western Asia,0.46014939324425536,0.562049125883292
justin,namsor_api_2.0.24,LATIN,796024af-3f1f-4b19-90a8-33cea3fbb6d6,justin,,FR,CM,"FR,CM,KE,DE,SK,NL,GB,NA,MG,LR",0.3961968489368074,Europe,Europe,Western Europe,0.41693172671373085,0.45889883802163034
tiffany,namsor_api_2.0.24,LATIN,e405e8be-e3f7-454d-abc0-a8ad04747a06,tiffany,,TW,GB,"TW,GB,BE,ID,KH,FR,NL,MG,NA,VN",0.8602009285711284,Asia,Asia,Eastern Asia,0.45938544919826774,0.45938544919826774
sara,namsor_api_2.0.24,LATIN,6486b104-d5db-433f-966a-cf6088b49123,sara,,AZ,EG,"AZ,EG,AE,SA,KH,LK,MA,GE,JO,LB",0.5395282891119615,Asia,Asia,Western Asia,0.4401631336290257,0.4401631336290257
jonathan,namsor_api_2.0.24,LATIN,feb33694-5fa4-4d48-961c-bd3535181afe,jonathan,,SE,GB,"SE,GB,BE,FR,KE,NL,CH,LR,DK,DE",2.1219124471695108,Europe,Europe,Northern Europe,0.4908608799164667,0.49742533589008736
crystal,namsor_api_2.0.24,LATIN,5831741d-8388-4c0a-a6b6-24949a39c02b,crystal,,IL,MY,"IL,MY,CM,GB,ZA,TW,FR,NA,RO,CH",4.073343065039135,Asia,Asia,Western Asia,0.5639469387818378,0.5747729026761047
brandon,namsor_api_2.0.24,LATIN,fb42151e-d7ba-43e0-8493-622e930be67a,brandon,,GB,BG,"GB,BG,NL,ZA,RS,RS,NA,IL,CM,KE",0.2570888688601033,Europe,Europe,Northern Europe,0.3937524090938341,0.3937524090938341
vanessa,namsor_api_2.0.24,LATIN,642a26b5-ea52-42cd-a47b-82fe83642ea2,vanessa,,CM,BG,"CM,BG,BE,ZA,NL,AM,GB,IT,IL,FR",0.7170481732123948,Africa,Africa,Middle Africa,0.4543004228548183,0.49872508850340264
ashley,namsor_api_2.0.24,LATIN,d326bca6-ee6a-4958-bcc5-7c92f39f9ee3,ashley,,GB,ZA,"GB,ZA,NA,NL,IL,MY,KE,IE,ET,BN",4.721622593651879,Europe,Europe,Northern Europe,0.5878386359247033,0.6393460533402415
megan,namsor_api_2.0.24,LATIN,9f512029-bdfb-4b63-a6ab-b14e7c4a69e3,megan,,GB,MY,"GB,MY,TW,NA,IE,NL,ID,ZA,AZ,FR",1.590776515159621,Europe,Europe,Northern Europe,0.4805589235733267,0.4805589235733267
danielle,namsor_api_2.0.24,LATIN,1ba5db06-7c45-4e62-88f0-ebf069bc37fe,danielle,,FR,CM,"FR,CM,CH,NL,BE,DK,GB,CI,ZA,IE",0.019981355310621503,Europe,Europe,Western Europe,0.3534059581652793,0.4360476591229667
rachel,namsor_api_2.0.24,LATIN,2cac995c-b5ba-4f69-bed1-f4db1c7e07c4,rachel,,LB,CM,"LB,CM,FR,CH,GB,IE,NL,KE,IL,LR",3.0851165090683206,Asia,Asia,Western Asia,0.5013233270873259,0.5199758863599756
lauren,namsor_api_2.0.24,LATIN,6e1cc772-63de-4a3f-abd7-2e76e456b1cc,lauren,,GB,IE,"GB,IE,AM,BE,DK,NL,KZ,FR,IL,EE",2.609222816203767,Europe,Europe,Northern Europe,0.4972180826992507,0.4972180826992507
adam,namsor_api_2.0.24,LATIN,6c98da11-e006-4430-b9e7-90109c2be6d3,adam,,PL,HU,"PL,HU,TD,IL,GB,NE,CZ,MA,AZ,ET",4.410872281231464,Europe,Europe,Eastern Europe,0.578247780749788,0.6263591766820393
brittany,namsor_api_2.0.24,LATIN,eef299ca-7034-4da6-b2c9-573a74e42419,brittany,,BE,GB,"BE,GB,NL,KH,SE,CH,KE,DK,IE,CM",0.13470548143704725,Europe,Europe,Western Europe,0.3730092937238383,0.4194428953986243
samantha,namsor_api_2.0.24,LATIN,43885ee0-f296-4c6c-9c86-86398420ee0f,samantha,,LK,KH,"LK,KH,GB,NA,ZA,LR,IN,TZ,NL,IL",3.373743361772513,Asia,Asia,Southern Asia,0.5144608491408378,0.8118916279011745
kyle,namsor_api_2.0.24,LATIN,3f831f5f-a08e-475a-946b-c0107f73f24d,kyle,,GB,ZA,"GB,ZA,KR,VN,NL,TW,NA,IE,MM,FR",0.10722518201755929,Europe,Europe,Northern Europe,0.36832256276119396,0.7191018357796966
emily,namsor_api_2.0.24,LATIN,8f4b932d-2dea-4a1c-a286-d4670661d605,emily,,IE,KE,"IE,KE,NA,GB,BG,IL,AZ,NL,BE,SE",1.418548840128116,Europe,Europe,Northern Europe,0.476322580243839,0.476322580243839
alexander,namsor_api_2.0.24,LATIN,80454a87-2110-480d-b99c-4fc1a6b7760a,alexander,,RU,BY,"RU,BY,UA,UZ,BG,AT,SK,DE,MD,GB",3.2667662409141545,Europe,Europe,Eastern Europe,0.5035832091566934,0.6827163341964474
alyssa,namsor_api_2.0.24,LATIN,f869c274-06e9-4121-b921-63881ee901a3,alyssa,,RU,IL,"RU,IL,GB,NL,AE,MY,UA,BF,LB,FR",0.7547025054020193,Europe,Europe,Eastern Europe,0.45566418510175466,0.45566418510175466
luis,namsor_api_2.0.24,LATIN,b7d3f484-ef88-49e9-86c9-a7186eb9a114,luis,,DE,GE,"DE,GE,CH,NA,IL,IT,FR,AM,RO,DK",0,Europe,Europe,Western Europe,0.1938206010894748,0.26948207171822547
jasmine,namsor_api_2.0.24,LATIN,743a4e19-eb31-427e-982f-340f2d15c620,jasmine,,NL,CH,"NL,CH,GB,CM,BE,FR,NA,KE,LB,AM",0,Europe,Europe,Western Europe,0.3183011748554082,0.3700138161668849
alexandra,namsor_api_2.0.24,LATIN,f528e936-4424-4045-9cb1-94e04403538c,alexandra,,RU,MD,"RU,MD,UA,RO,BY,RS,RS,BG,UZ,CZ",4.068021264218292,Europe,Europe,Eastern Europe,0.5636818611856362,0.6375514898363963
jacob,namsor_api_2.0.24,LATIN,1477f4ad-2804-4482-a063-f9a58c600c97,jacob,,DK,NL,"DK,NL,KE,LR,NA,TZ,SE,DE,GB,IL",3.853040794589637,Europe,Europe,Northern Europe,0.5517529899741734,0.618616748776931
chelsea,namsor_api_2.0.24,LATIN,35ae07da-2bd8-4f3a-9354-d6cc81d262fc,chelsea,,TW,KH,"TW,KH,GB,NA,KE,MY,NL,ZA,IL,RO",0.5434009992730547,Asia,Asia,Eastern Asia,0.44077973904885787,0.4883472348536996
katherine,namsor_api_2.0.24,LATIN,4f8c7da5-a7d1-43e7-9f80-fcb12a0b9e41,katherine,,IE,BE,"IE,BE,DK,GB,NO,CH,KE,DE,AT,FR",0.11512867621492655,Europe,Europe,Northern Europe,0.36967127821911966,0.41101286199164727
christian,namsor_api_2.0.24,LATIN,ab2a0268-50e5-4cbe-a815-33bc5f540eef,christian,,AT,DE,"AT,DE,DK,CH,SE,FR,GB,NO,BE,CM",2.470001142569583,Europe,Europe,Western Europe,0.49565665965272987,0.502552082883311
tyler,namsor_api_2.0.24,LATIN,b1118b56-7191-452c-98a9-08accd07f37c,tyler,,GB,UZ,"GB,UZ,ZA,TW,AZ,NL,IL,TM,TJ,KG",4.37446747539675,Europe,Europe,Northern Europe,0.5769213672130229,0.6043487573947981
taylor,namsor_api_2.0.24,LATIN,f161fdbc-a735-45f9-ae90-543474d34b65,taylor,,GB,LR,"GB,LR,IL,UZ,MY,KH,UA,TW,GE,RU",0.7231342364732338,Europe,Europe,Northern Europe,0.454522068142618,0.454522068142618
victoria,namsor_api_2.0.24,LATIN,ff0b0c48-a642-40d1-93b3-058b370bec38,victoria,,MD,UA,"MD,UA,RU,BG,IL,LR,RO,NA,KE,TZ",5.408054568441004,Europe,Europe,Eastern Europe,0.6377988874006341,0.7435184059957033
alexis,namsor_api_2.0.24,LATIN,c2984d6c-695f-4673-8bc2-487be9e79036,alexis,,FR,CY,"FR,CY,RU,CM,CH,BE,GB,BY,TD,CF",2.73503927608935,Europe,Europe,Western Europe,0.49847669733890637,0.5021763525083158
hannah,namsor_api_2.0.24,LATIN,3d234b9c-e401-46e4-8c82-d54208ad06e5,hannah,,LR,IE,"LR,IE,MY,BN,KE,IL,GB,ID,DE,NL",0.9334970044936874,Africa,Africa,Western Africa,0.46187976840070843,0.48572703578947324
austin,namsor_api_2.0.24,LATIN,fa7dedd7-0a34-43ab-a386-4c70d44b12f8,austin,,IE,LR,"IE,LR,KE,GB,MM,RO,CM,DE,NO,TW",0,Europe,Europe,Northern Europe,0.3304366556636783,0.3304366556636783
jesus,namsor_api_2.0.24,LATIN,bff9d6a6-9a41-4d53-bf44-af1e9168ad12,jesus,,DK,NA,"DK,NA,SE,LR,NL,CH,BE,CF,KE,IE",0.6279343707413798,Europe,Europe,Northern Europe,0.45100328273545454,0.49608083801608027
natalie,namsor_api_2.0.24,LATIN,f53a0184-842b-4ee9-abed-9e379238b0de,natalie,,MD,IL,"MD,IL,BE,FR,NL,GB,NA,CM,CH,ZA",4.281070631755134,Europe,Europe,Eastern Europe,0.5732951761212475,0.6290795630415577
jacqueline,namsor_api_2.0.24,LATIN,ef3cecc5-6431-4099-ab08-10179b42f1b0,jacqueline,,FR,NL,"FR,NL,KE,CM,GB,CH,BE,LR,DK,MG",1.8575416967811504,Europe,Europe,Western Europe,0.48622923839014004,0.48622923839014004
madison,namsor_api_2.0.24,LATIN,7acef632-8d4d-464a-940a-65a2f94e3a35,madison,,LR,GB,"LR,GB,GE,KE,UZ,FR,TZ,ZA,MG,NA",1.5884844995616731,Africa,Africa,Western Africa,0.4805055776399105,0.48753730637793863
diana,namsor_api_2.0.24,LATIN,75978009-4915-4ee0-a2ee-9e0e3132d8bc,diana,,BG,GE,"BG,GE,UA,RO,ID,MD,KZ,HR,SK,UZ",2.505646318735016,Europe,Europe,Eastern Europe,0.49607424136021216,0.49607424136021216
brianna,namsor_api_2.0.24,LATIN,58c4efc2-7e2c-4478-9fc8-020bcb5e24e9,brianna,,IE,DK,"IE,DK,GB,SK,IL,SE,NA,CH,NL,HU",3.7446659565562928,Europe,Europe,Northern Europe,0.5447393941682593,0.6045958906759273
angel,namsor_api_2.0.24,LATIN,09734b17-0f4d-44cd-bae8-f34a2b5be750,angel,,BG,RO,"BG,RO,NL,MD,MK,GB,IL,NA,AM,EE",7.546644947991062,Europe,Europe,Eastern Europe,0.7353445341142787,0.8026743478369172
carlos,namsor_api_2.0.24,LATIN,9c6d9d69-8a4e-4314-9320-7bb0cb7f1588,carlos,,LB,NL,"LB,NL,SE,CM,BE,CY,NA,CH,IL,RO",0,Asia,Asia,Western Asia,0.34747553988305047,0.3961301849222512
destiny,namsor_api_2.0.24,LATIN,b8a278ad-cd7f-4186-a945-9ddfb7838fad,destiny,,NL,ID,"NL,ID,NA,ET,CM,ZA,BG,LR,BW,MG",0,Europe,Europe,Western Europe,0.31726074650996,0.45227310393109293
isabella,namsor_api_2.0.24,LATIN,a9e3edcc-5632-4f19-8994-a930afca828a,isabella,,GB,IT,"GB,IT,IE,AZ,SE,IL,CH,KE,NA,AT",0.5379377029156053,Europe,Europe,Northern Europe,0.43990970104940713,0.43990970104940713
kayla,namsor_api_2.0.24,LATIN,ad26e8b9-3bac-4f1b-8512-74a260ab8a73,kayla,,AZ,GB,"AZ,GB,BG,ZA,NA,IL,NL,UZ,TR,MY",0.14880227200379534,Asia,Asia,Western Asia,0.3754102357531276,0.3754102357531276
gabriel,namsor_api_2.0.24,LATIN,0b32169a-1a15-4e12-b24c-9ae566793974,gabriel,,RO,FR,"RO,FR,CH,CM,IL,HU,BG,SK,AT,KE",3.268209100326641,Europe,Europe,Eastern Europe,0.5037372297882597,0.526782837577723
sophia,namsor_api_2.0.24,LATIN,e3dceb94-20a0-4264-9e57-c654df75490e,sophia,,CY,GE,"CY,GE,TZ,KH,IL,NA,KE,SE,GB,IE",0,Asia,Asia,Western Asia,0.26321279494283856,0.3320004611133108
emma,namsor_api_2.0.24,LATIN,17f49cfa-cd84-406f-9c43-030b02de547d,emma,,SE,GB,"SE,GB,LR,IE,AM,NA,TZ,KE,FI,FR",1.254496870998467,Europe,Europe,Northern Europe,0.47185155178525234,0.47185155178525234
leslie,namsor_api_2.0.24,LATIN,2dfc54bc-e9f3-4cab-893f-30cd970f0877,leslie,,GB,CM,"GB,CM,ZA,FR,BE,NL,IL,IE,BW,NA",3.6101019372430767,Europe,Europe,Northern Europe,0.5349594614841653,0.5349594614841653
ethan,namsor_api_2.0.24,LATIN,e6010c00-a159-4e04-bf3b-87bc7ae80909,ethan,,GB,IE,"GB,IE,IL,TW,FR,TR,ET,AZ,KH,NA",0.8380274379222371,Europe,Europe,Northern Europe,0.45861589289833044,0.45861589289833044
nathan,namsor_api_2.0.24,LATIN,4512a16b-a892-445a-875e-a07bb30eee38,nathan,,BE,GB,"BE,GB,NL,IL,FR,LK,AZ,KH,CH,KZ",0,Europe,Europe,Western Europe,0.26384938646686895,0.31016879967121347
abigail,namsor_api_2.0.24,LATIN,5b7e0fb0-e279-4e3d-9320-653bd7e78598,abigail,,AZ,GB,"AZ,GB,IL,UZ,IE,IQ,AE,GE,KE,ZA",0,Asia,Asia,Western Asia,0.3247710887439928,0.4036167242511141
mia,namsor_api_2.0.24,LATIN,25690c8a-c7ea-4ec0-ba3f-1854c60bd876,mia,,GE,SE,"GE,SE,HR,DK,TW,IL,FI,EE,SK,NL",0.23451349988448644,Asia,Asia,Western Asia,0.38994587131250863,0.38994587131250863
olivia,namsor_api_2.0.24,LATIN,a80cf981-2192-4ba4-a2e7-191c7d7fe5bd,olivia,,SK,CH,"SK,CH,MD,RO,NA,IE,MG,DE,IL,LR",0,Europe,Europe,Eastern Europe,0.3047667663121222,0.3891502200414584
diego,namsor_api_2.0.24,LATIN,4f229e1d-a2c5-4907-97b5-86849622fde8,diego,,IT,HR,"IT,HR,CH,GE,BE,BW,NL,BF,DE,CI",5.785497718421103,Europe,Europe,Southern Europe,0.6559783356289887,0.6921002300300836
ava,namsor_api_2.0.24,LATIN,6b4bb594-2047-4581-8395-558991221d63,ava,,IL,GE,"IL,GE,BG,UZ,AM,AZ,UA,MD,SK,CZ",7.0140298625182345,Asia,Asia,Western Asia,0.7136872441209454,0.7519625902453372
angelina,namsor_api_2.0.24,LATIN,46c36240-7b89-4310-9068-588dac827ec0,angelina,,MD,RU,"MD,RU,BG,UA,RO,GE,SK,CY,IT,PL",0.33087162328355463,Europe,Europe,Eastern Europe,0.40611194081377083,0.4254426739279914
alexa,namsor_api_2.0.24,LATIN,f2758f90-f83c-4602-8195-8aa6a1f352b7,alexa,,RU,RO,"RU,RO,UA,GB,BY,MD,CH,UZ,DE,AZ",1.5170935165537975,Europe,Europe,Eastern Europe,0.47880328585528437,0.47886602695985736
valeria,namsor_api_2.0.24,LATIN,b97af46c-565c-434f-a4cd-cad073c74220,valeria,,MD,SK,"MD,SK,IT,UA,RU,BG,GE,RO,CY,IL",4.561103300297786,Europe,Europe,Eastern Europe,0.5832487869489302,0.6171848402360653
jocelyn,namsor_api_2.0.24,LATIN,2051418a-e5b0-4dfd-94a9-2b3c55194cb8,jocelyn,,GB,KE,"GB,KE,LR,FR,NL,MG,IE,BE,NA,TW",2.235673685246775,Europe,Europe,Northern Europe,0.4925797308648447,0.4925797308648447
adrian,namsor_api_2.0.24,LATIN,55ba01e3-049d-4432-bd41-e2869c5d872c,adrian,,RO,SK,"RO,SK,BG,CH,MD,NL,PL,HU,GB,FR",9.056002103018807,Europe,Europe,Eastern Europe,0.791536555235089,0.8825289050111239
sofia,namsor_api_2.0.24,LATIN,a7748207-0379-449b-9fb1-f930bb897805,sofia,,MD,IL,"MD,IL,SE,UA,SK,BG,CY,GE,MA,NA",1.256737722769841,Europe,Europe,Eastern Europe,0.47191550642018953,0.4769346117769114
chloe,namsor_api_2.0.24,LATIN,61cc7245-984a-4aac-a979-62554d98641d,chloe,,FR,GB,"FR,GB,TW,CY,BE,IE,CH,KR,MY,ZA",3.6133433929291265,Europe,Europe,Western Europe,0.5352100322895437,0.6955762679618265
isaac,namsor_api_2.0.24,LATIN,0b76a111-4454-4962-a4fa-8f77ee8531d4,isaac,,KE,LR,"KE,LR,IE,CM,GB,IL,TZ,BW,TD,NA",2.3958492386577452,Africa,Africa,Eastern Africa,0.4947467572590481,0.7696863484740538
noah,namsor_api_2.0.24,LATIN,52e91571-969b-4cee-9862-e01622a45032,noah,,IL,KE,"IL,KE,LR,MY,NA,TZ,NL,ZA,MG,BN",4.546149474541235,Asia,Asia,Western Asia,0.5827832752739983,0.7192797720380641
camila,namsor_api_2.0.24,LATIN,6b231e35-e58b-4677-97a0-59e986fe4a7b,camila,,AZ,IL,"AZ,IL,SE,RO,DK,LK,IT,LB,GB,MD",3.541854078130038,Asia,Asia,Western Asia,0.5295013414789271,0.5368051212416916
jayden,namsor_api_2.0.24,LATIN,c8323724-16a6-4af5-b635-e09812592e4e,jayden,,GB,NL,"GB,NL,TW,NA,ZA,BG,KR,KE,IE,MY",0.5099128386966358,Europe,Europe,Northern Europe,0.4354272822446173,0.4687981887681822
evelyn,namsor_api_2.0.24,LATIN,7ab4409f-21a7-49bd-a8c4-d0f92318d3ee,evelyn,,KE,LR,"KE,LR,IE,GB,EE,IL,NL,AT,BE,CH",0.04232109164152475,Africa,Africa,Eastern Africa,0.3572290193153236,0.45233939773015247
aiden,namsor_api_2.0.24,LATIN,99d5831e-3f2f-43ac-96dd-189e61d9e0a2,aiden,,KZ,IE,"KZ,IE,GB,KG,MY,AZ,TW,EE,BN,GE",4.547114222383951,Asia,Asia,Central Asia,0.5828135139287545,0.8089606817355143
julian,namsor_api_2.0.24,LATIN,ea64e742-a5e5-4cc4-9ffc-6f2bf9a64f53,julian,,SK,KE,"SK,KE,GB,DE,FR,AT,IE,BG,NL,DK",0,Europe,Europe,Eastern Europe,0.24508826734437283,0.2868937881903837
hailey,namsor_api_2.0.24,LATIN,516d9aaf-79a0-4f68-84d8-41b7e862442f,hailey,,ET,NA,"ET,NA,IL,GB,NE,TW,NL,MY,VN,KH",2.841160158784791,Africa,Africa,Eastern Africa,0.49943546981824527,0.5064030615242127
bella,namsor_api_2.0.24,LATIN,24c2c25f-9be6-4a5d-977d-a72be8342704,bella,,HU,IL,"HU,IL,IE,GB,NA,AZ,SE,KE,IT,CM",1.66799714699678,Europe,Europe,Eastern Europe,0.4823092759633201,0.4823092759633201
ella,namsor_api_2.0.24,LATIN,c67e43d7-743a-4ba4-9780-b86caaec4cf1,ella,,AZ,IE,"AZ,IE,IL,CY,SE,RU,GB,NL,NA,FI",1.132958557916323,Asia,Asia,Western Asia,0.4682638061412127,0.4682638061412127
zoe,namsor_api_2.0.24,LATIN,989084e0-3eae-4286-a044-1f9347864f05,zoe,,ZA,GB,"ZA,GB,MM,LR,BF,TW,MG,CY,HU,NL",0.06878010243085465,Africa,Africa,Southern Africa,0.36175461083861815,0.3836255017069654
mason,namsor_api_2.0.24,LATIN,4652690b-58ef-406b-be58-9fb1a932321e,mason,,LR,GB,"LR,GB,TZ,NA,KE,TW,ZA,IL,MY,GE",1.8900653230179534,Africa,Africa,Western Africa,0.4868499119702696,0.4868499119702696
benjamin,namsor_api_2.0.24,LATIN,9ee352f8-de86-4f56-adb7-7627a024fd55,benjamin,,FR,KE,"FR,KE,CH,DE,IL,BE,CM,LR,GB,DK",0,Europe,Europe,Western Europe,0.3081366746590353,0.36857920787618775
genesis,namsor_api_2.0.24,LATIN,c56201cc-65ca-4d4e-a9b5-6a1611b218ea,genesis,,LV,ET,"LV,ET,IL,CY,LT,FR,CM,GE,LR,RU",5.233228665567296,Europe,Europe,Northern Europe,0.6267769656975267,0.6675241836978547
charlotte,namsor_api_2.0.24,LATIN,bc1ba7fc-07b4-4138-b2e6-dc792e3d03b6,charlotte,,FR,DK,"FR,DK,CM,CH,BE,NL,IE,SE,GB,LB",1.3204729376306226,Europe,Europe,Western Europe,0.4737011007086836,0.4737011007086836
melanie,namsor_api_2.0.24,LATIN,4dd1efdc-600c-4a7e-89b2-2273380d303b,melanie,,FR,NL,"FR,NL,CH,DE,CM,AT,GB,BE,ZA,NA",0.23153665694200898,Europe,Europe,Western Europe,0.3894431624022017,0.4103417294253512
audrey,namsor_api_2.0.24,LATIN,494b3104-de0d-439b-8954-61873f1d93ea,audrey,,FR,GB,"FR,GB,CM,RU,BE,KE,NL,IE,BY,IL",5.48932649896864,Europe,Europe,Western Europe,0.642307769711026,0.6980982670395717
liam,namsor_api_2.0.24,LATIN,7c811243-8255-4826-b759-7d96073718df,liam,,IE,GB,"IE,GB,IL,NL,GE,AM,MY,NA,BE,TW",0.3550449878821363,Europe,Europe,Northern Europe,0.41013046853999047,0.6956018315725607
grace,namsor_api_2.0.24,LATIN,3be87fc8-87f0-4716-bf63-590742608588,grace,,KE,GB,"KE,GB,LR,IE,TZ,CM,BW,NA,TD,CF",2.498676844908853,Africa,Africa,Eastern Africa,0.49599358284296385,0.5005153560552067
scarlett,namsor_api_2.0.24,LATIN,bb699806-81d5-4392-b217-b9938548b0b7,scarlett,,GB,HU,"GB,HU,ZA,DE,NA,IL,NL,TW,IE,DK",0.7333290093187065,Europe,Europe,Northern Europe,0.45489229872509446,0.6126781624731374
sebastian,namsor_api_2.0.24,LATIN,e9501a0c-9155-44a4-99fd-697243c3bc44,sebastian,,DE,RO,"DE,RO,AT,CH,FR,DK,SE,PL,NL,BE",0.6351680830467639,Europe,Europe,Western Europe,0.45127442788749095,0.45312421678409054
dylan,namsor_api_2.0.24,LATIN,1e981650-a670-4885-b21b-2ad1e3304807,dylan,,NL,IE,"NL,IE,FR,GB,KZ,TW,CM,MY,AZ,BG",0.35577059931063854,Europe,Europe,Western Europe,0.4102508346744777,0.4345604856810161
allison,namsor_api_2.0.24,LATIN,b93c10ad-4b52-404c-93d7-242b23dc5c00,allison,,GB,LR,"GB,LR,KE,TZ,NA,TW,IL,UZ,FR,IE",2.590213724146126,Europe,Europe,Northern Europe,0.49701569666163314,0.5481179895024997
logan,namsor_api_2.0.24,LATIN,8c9311b4-ffec-4bb1-9076-5e2e92cb09ab,logan,,GB,FR,"GB,FR,VN,ZA,AZ,TW,RO,MY,CI,TR",0.11004036287208113,Europe,Europe,Northern Europe,0.3688030353788405,0.3967829819632501
penelope,namsor_api_2.0.24,LATIN,ab425bac-b458-4f4a-88d3-362d8286a7a2,penelope,,GB,NA,"GB,NA,ZA,FJ,CY,FR,IE,KE,BW,CI",1.160761780705999,Europe,Europe,Northern Europe,0.4691050759260868,0.5037293172669156
avery,namsor_api_2.0.24,LATIN,761a82c3-4e8b-4b0d-aa14-12b8f6df9202,avery,,IL,TZ,"IL,TZ,AM,GB,MG,RU,EE,ID,BY,IE",4.03628268313183,Asia,Asia,Western Asia,0.5620723542127406,0.575143780964499
aria,namsor_api_2.0.24,LATIN,54056902-682b-44f4-8fab-2f9326d28b56,aria,,ID,GE,"ID,GE,IL,MD,IT,CY,RU,UA,RO,NL",0.9232865975603852,Asia,Asia,South-Eastern Asia,0.4615369323791386,0.4776543090712095
elijah,namsor_api_2.0.24,LATIN,07eedd87-15ec-4cf4-a26d-d215c9e0f489,elijah,,KE,LR,"KE,LR,IL,NA,IE,TZ,GB,ID,MY,LB",1.2933807625959697,Africa,Africa,Eastern Africa,0.4729499871483021,0.8875751867363606
amelia,namsor_api_2.0.24,LATIN,6e7d1667-c261-44c2-bb6f-8acdd508951b,amelia,,LR,IL,"LR,IL,ID,GE,RO,NA,IE,TN,IT,SE",0,Africa,Africa,Western Africa,0.3149892492748093,0.36737357344774924
mateo,namsor_api_2.0.24,LATIN,c9cb42d5-0c62-425e-b920-47b8a8aec5b0,mateo,,HR,IT,"HR,IT,GE,SI,NA,BG,RO,JP,FR,SK",15.410928840951522,Europe,Europe,Southern Europe,0.9223769040367779,0.9477198067585626
lucas,namsor_api_2.0.24,LATIN,3c3eacd6-7269-4e38-9646-99f7598bce93,lucas,,TZ,NA,"TZ,NA,KE,FR,CH,NL,CZ,BE,CM,DE",1.4033141493837606,Africa,Africa,Eastern Africa,0.4759253912646612,0.4759253912646612
oliver,namsor_api_2.0.24,LATIN,3f0467f2-d74e-43c0-b500-0b558b8fa329,oliver,,DE,CH,"DE,CH,EE,AT,DK,RS,RS,GB,SK,MK",5.053447499374143,Europe,Europe,Western Europe,0.6132685079209327,0.6506685365547465
luna,namsor_api_2.0.24,LATIN,97f4f673-b755-400e-a966-89fc50b419ee,luna,,GE,IL,"GE,IL,HR,ZA,NA,KH,TW,JO,IT,RO",3.9962709644028367,Asia,Asia,Western Asia,0.5599717679048992,0.7366627448841188
mila,namsor_api_2.0.24,LATIN,f093adb5-4414-4a7a-a963-8222f7c0f283,mila,,RS,RS,"RS,RS,SK,CZ,BG,GE,AZ,IL,MD,UA",0,Europe,Europe,Southern Europe,0.25560974825667243,0.37523222936325323
valentina,namsor_api_2.0.24,LATIN,3a19dda8-55d7-4cce-86b5-d63c0e3d3ff0,valentina,,RU,MD,"RU,MD,UA,BG,GE,SK,RO,LT,HR,CZ",0.1757731841035246,Europe,Europe,Eastern Europe,0.3799966771268357,0.6133720959841085
santiago,namsor_api_2.0.24,LATIN,19a6d6a1-de7b-41bb-89ee-c899e123342f,santiago,,GE,NA,"GE,NA,IT,HR,BF,EE,CI,NE,ZA,BW",1.6250745362212549,Asia,Asia,Western Asia,0.4813475712136916,0.4813475712136916
gianna,namsor_api_2.0.24,LATIN,422e0f82-a36f-472a-860f-d6eb444cab7e,gianna,,IT,CY,"IT,CY,GE,CH,RO,SK,IL,BG,NL,AM",13.876603249930536,Europe,Europe,Southern Europe,0.9008193350695496,0.9065482136774726
natalia,namsor_api_2.0.24,LATIN,66dbaea8-16f4-42ee-9cd7-8228dc9784f8,natalia,,RU,MD,"RU,MD,UA,GE,IL,BY,BG,NA,SK,UZ",1.178727775587101,Europe,Europe,Eastern Europe,0.4696422361875602,0.48849267156102016
layla,namsor_api_2.0.24,LATIN,33979afb-0afb-4602-914d-409aafddfc73,layla,,AZ,AE,"AZ,AE,IL,BH,LB,SA,UZ,MA,KH,BG",0.9437858003189358,Asia,Asia,Western Asia,0.4622236976020853,0.4644570731383597
ezekiel,namsor_api_2.0.24,LATIN,7891043a-fc4b-46f1-8e6a-5278f0b7c29d,ezekiel,,LR,KE,"LR,KE,TZ,IL,NA,CM,ET,TD,IE,ZA",1.6687197631998487,Africa,Africa,Western Africa,0.4823252279380624,0.5149726935742275
maya,namsor_api_2.0.24,LATIN,9d90d7ea-aabd-4e87-adc1-34a91e1c4749,maya,,IL,BG,"IL,BG,AZ,LB,TM,IN,LK,EG,NE,ID",0.9875473605025423,Asia,Asia,Western Asia,0.4636691051849442,0.49478140713613433
ezra,namsor_api_2.0.24,LATIN,73f08bbd-6f1c-4c20-821c-7aaaed663859,ezra,,IL,KE,"IL,KE,TZ,ET,MY,NL,MG,ID,BN,UZ",10.1634636557031,Asia,Asia,Western Asia,0.8150772529305382,0.8585666748947495
levi,namsor_api_2.0.24,LATIN,3a75c1e9-c246-4747-bd0f-4b2d76b362a2,levi,,IL,GE,"IL,GE,NA,FI,EE,ID,BE,KE,HU,TW",4.363549459927778,Asia,Asia,Western Asia,0.5765143004243745,0.7058816659405588
leo,namsor_api_2.0.24,LATIN,f0f76534-1b00-46ad-905f-901e7a4c1bde,leo,,HR,NL,"HR,NL,GE,IL,TW,NA,IT,BW,BE,ZA",0.2941329099335634,Europe,Europe,Southern Europe,0.39997438436889265,0.4939692398100458