Rank,Name,Count,Sex,Year
1,noah,2621,Male,2021
2,liam,2487,Male,2021
3,mateo,2125,Male,2021
4,sebastian,2056,Male,2021
5,julian,1733,Male,2021
6,benjamin,1617,Male,2021
7,oliver,1534,Male,2021
8,elijah,1515,Male,2021
9,alexander,1495,Male,2021
10,daniel,1440,Male,2021
11,ethan,1419,Male,2021
12,lucas,1382,Male,2021
13,ezekiel,1284,Male,2021
14,santiago,1264,Male,2021
15,aiden,1241,Male,2021
16,jacob,1222,Male,2021
17,matthew,1181,Male,2021
18,james,1168,Male,2021
19,ezra,1134,Male,2021
20,levi,1097,Male,2021
21,michael,1093,Male,2021
22,jayden,1092,Male,2021
23,leo,1084,Male,2021
24,david,1074,Male,2021
25,adrian,1067,Male,2021
1,noah,2640,Male,2020
2,liam,2429,Male,2020
3,mateo,2078,Male,2020
4,sebastian,2000,Male,2020
5,julian,1688,Male,2020
6,ethan,1657,Male,2020
7,benjamin,1648,Male,2020
8,elijah,1595,Male,2020
9,alexander,1591,Male,2020
10,oliver,1541,Male,2020
11,daniel,1490,Male,2020
12,lucas,1355,Male,2020
13,matthew,1345,Male,2020
14,jacob,1303,Male,2020
15,aiden,1273,Male,2020
16,santiago,1215,Male,2020
17,jayden,1206,Male,2020
18,david,1165,Male,2020
19,james,1156,Male,2020
20,logan,1153,Male,2020
21,ezekiel,1141,Male,2020
22,nathan,1099,Male,2020
23,adrian,1093,Male,2020
24,dylan,1085,Male,2020
25,michael,1077,Male,2020
1,noah,2686,Male,2019
2,liam,2406,Male,2019
3,mateo,2222,Male,2019
4,sebastian,2154,Male,2019
5,ethan,2101,Male,2019
6,julian,1860,Male,2019
7,alexander,1838,Male,2019
8,benjamin,1760,Male,2019
9,daniel,1747,Male,2019
10,lucas,1724,Male,2019
11,jacob,1661,Male,2019
12,oliver,1613,Male,2019
13,matthew,1566,Male,2019
14,elijah,1513,Male,2019
15,jayden,1413,Male,2019
16,aiden,1405,Male,2019
17,santiago,1359,Male,2019
18,james,1354,Male,2019
19,isaac,1320,Male,2019
20,logan,1277,Male,2019
21,david,1256,Male,2019
22,michael,1238,Male,2019
23,mason,1233,Male,2019
24,anthony,1226,Male,2019
25,dylan,1203,Male,2019
1,noah,2578,Male,2018
2,liam,2415,Male,2018
3,sebastian,2217,Male,2018
4,mateo,2104,Male,2018
5,ethan,2060,Male,2018
6,daniel,1998,Male,2018
7,julian,1941,Male,2018
8,alexander,1908,Male,2018
9,benjamin,1768,Male,2018
10,jacob,1718,Male,2018
11,matthew,1703,Male,2018
12,lucas,1556,Male,2018
13,jayden,1548,Male,2018
14,oliver,1509,Male,2018
15,aiden,1479,Male,2018
16,james,1461,Male,2018
17,logan,1458,Male,2018
18,david,1457,Male,2018
19,elijah,1440,Male,2018
20,dylan,1371,Male,2018
21,michael,1354,Male,2018
22,nathan,1335,Male,2018
23,isaac,1328,Male,2018
24,william,1303,Male,2018
25,mason,1302,Male,2018
1,noah,2513,Male,2017
2,sebastian,2267,Male,2017
3,liam,2187,Male,2017
4,ethan,2147,Male,2017
5,matthew,2132,Male,2017
6,daniel,2088,Male,2017
7,jacob,2054,Male,2017
8,mateo,2007,Male,2017
9,alexander,1998,Male,2017
10,julian,1940,Male,2017
11,benjamin,1850,Male,2017
12,logan,1774,Male,2017
13,jayden,1688,Male,2017
14,lucas,1633,Male,2017
15,aiden,1632,Male,2017
16,oliver,1561,Male,2017
17,david,1553,Male,2017
18,aaron,1528,Male,2017
19,nathan,1518,Male,2017
20,dylan,1513,Male,2017
21,james,1508,Male,2017
22,michael,1507,Male,2017
23,elijah,1486,Male,2017
24,anthony,1439,Male,2017
25,isaac,1423,Male,2017
1,noah,2687,Male,2016
2,matthew,2410,Male,2016
3,ethan,2329,Male,2016
4,daniel,2292,Male,2016
5,sebastian,2265,Male,2016
6,jacob,2260,Male,2016
7,alexander,2218,Male,2016
8,julian,2040,Male,2016
9,liam,2028,Male,2016
10,benjamin,1914,Male,2016
11,jayden,1850,Male,2016
12,mateo,1848,Male,2016
13,michael,1764,Male,2016
14,aiden,1748,Male,2016
15,david,1712,Male,2016
16,nathan,1693,Male,2016
17,anthony,1654,Male,2016
18,lucas,1635,Male,2016
19,james,1628,Male,2016
20,elijah,1568,Male,2016
21,isaac,1566,Male,2016
22,aaron,1556,Male,2016
23,oliver,1547,Male,2016
24,dylan,1531,Male,2016
25,mason,1521,Male,2016
1,noah,2754,Male,2015
2,jacob,2549,Male,2015
3,daniel,2468,Male,2015
4,ethan,2466,Male,2015
5,matthew,2423,Male,2015
6,alexander,2304,Male,2015
7,jayden,2134,Male,2015
8,sebastian,2073,Male,2015
9,liam,2023,Male,2015
10,david,1932,Male,2015
11,julian,1900,Male,2015
12,aiden,1896,Male,2015
13,michael,1857,Male,2015
14,nathan,1855,Male,2015
15,benjamin,1819,Male,2015
16,anthony,1766,Male,2015
17,isaac,1714,Male,2015
18,mason,1694,Male,2015
19,dylan,1681,Male,2015
20,andrew,1607,Male,2015
21,james,1537,Male,2015
22,angel,1534,Male,2015
23,joseph,1518,Male,2015
24,adrian,1517,Male,2015
25,elijah,1509,Male,2015
1,noah,2766,Male,2014
2,jacob,2694,Male,2014
3,ethan,2561,Male,2014
4,daniel,2550,Male,2014
5,alexander,2485,Male,2014
6,matthew,2468,Male,2014
7,jayden,2366,Male,2014
8,anthony,2074,Male,2014
9,sebastian,2029,Male,2014
10,david,2004,Male,2014
11,michael,1989,Male,2014
12,julian,1906,Male,2014
13,andrew,1904,Male,2014
14,benjamin,1873,Male,2014
15,aiden,1867,Male,2014
16,nathan,1865,Male,2014
17,liam,1861,Male,2014
18,mason,1819,Male,2014
19,isaac,1795,Male,2014
20,angel,1650,Male,2014
21,aaron,1649,Male,2014
22,dylan,1647,Male,2014
23,james,1583,Male,2014
24,adrian,1576,Male,2014
25,logan,1546,Male,2014
1,jacob,2879,Male,2013
2,ethan,2655,Male,2013
3,daniel,2598,Male,2013
4,jayden,2576,Male,2013
5,matthew,2553,Male,2013
6,noah,2542,Male,2013
7,alexander,2374,Male,2013
8,anthony,2225,Male,2013
9,nathan,2075,Male,2013
10,david,2039,Male,2013
11,michael,1969,Male,2013
12,andrew,1919,Male,2013
13,julian,1858,Male,2013
14,benjamin,1844,Male,2013
15,isaac,1763,Male,2013
16,aiden,1761,Male,2013
17,angel,1758,Male,2013
18,mason,1740,Male,2013
19,liam,1692,Male,2013
20,adrian,1677,Male,2013
21,sebastian,1661,Male,2013
22,dylan,1631,Male,2013
23,joshua,1616,Male,2013
24,joseph,1535,Male,2013
25,aaron,1519,Male,2013
25,jonathan,1519,Male,2013
1,jacob,2959,Male,2012
2,jayden,2850,Male,2012
3,ethan,2665,Male,2012
4,daniel,2661,Male,2012
5,matthew,2624,Male,2012
6,noah,2502,Male,2012
7,alexander,2415,Male,2012
8,anthony,2412,Male,2012
9,nathan,2230,Male,2012
10,david,2147,Male,2012
11,andrew,2138,Male,2012
12,michael,1988,Male,2012
13,aiden,1982,Male,2012
14,angel,1946,Male,2012
15,isaac,1859,Male,2012
16,julian,1844,Male,2012
17,mason,1825,Male,2012
18,adrian,1787,Male,2012
19,jonathan,1728,Male,2012
20,christopher,1716,Male,2012
21,joshua,1715,Male,2012
22,benjamin,1671,Male,2012
23,joseph,1635,Male,2012
24,liam,1608,Male,2012
25,jose,1571,Male,2012
1,jacob,3153,Male,2011
2,daniel,2885,Male,2011
3,jayden,2744,Male,2011
4,anthony,2677,Male,2011
5,matthew,2459,Male,2011
6,alexander,2454,Male,2011
7,ethan,2384,Male,2011
8,david,2293,Male,2011
9,andrew,2278,Male,2011
10,nathan,2242,Male,2011
11,noah,2215,Male,2011
12,angel,2161,Male,2011
13,michael,2095,Male,2011
14,julian,1933,Male,2011
15,joshua,1906,Male,2011
16,aiden,1903,Male,2011
17,jonathan,1869,Male,2011
18,isaac,1863,Male,2011
19,mason,1830,Male,2011
20,adrian,1810,Male,2011
21,christopher,1773,Male,2011
22,joseph,1759,Male,2011
23,jose,1671,Male,2011
24,benjamin,1587,Male,2011
25,aaron,1530,Male,2011
1,jacob,3335,Male,2010
2,daniel,3132,Male,2010
3,anthony,2850,Male,2010
4,alexander,2593,Male,2010
5,angel,2553,Male,2010
6,ethan,2457,Male,2010
7,jayden,2431,Male,2010
8,david,2412,Male,2010
9,andrew,2372,Male,2010
10,nathan,2262,Male,2010
11,matthew,2216,Male,2010
12,joshua,2121,Male,2010
13,noah,2114,Male,2010
14,michael,2088,Male,2010
15,christopher,2027,Male,2010
16,jonathan,1987,Male,2010
17,adrian,1964,Male,2010
18,jose,1936,Male,2010
19,aiden,1935,Male,2010
20,julian,1904,Male,2010
21,joseph,1853,Male,2010
22,isaac,1765,Male,2010
23,gabriel,1635,Male,2010
24,christian,1594,Male,2010
25,brandon,1562,Male,2010
1,daniel,3390,Male,2009
2,anthony,3077,Male,2009
3,angel,3034,Male,2009
4,jacob,2954,Male,2009
5,alexander,2875,Male,2009
6,ethan,2667,Male,2009
7,david,2625,Male,2009
8,andrew,2580,Male,2009
9,matthew,2420,Male,2009
10,joshua,2407,Male,2009
11,christopher,2386,Male,2009
12,michael,2338,Male,2009
13,nathan,2334,Male,2009
14,jayden,2262,Male,2009
15,jose,2177,Male,2009
16,adrian,2099,Male,2009
17,joseph,2091,Male,2009
18,jonathan,2057,Male,2009
19,noah,2050,Male,2009
20,isaac,1855,Male,2009
21,aiden,1803,Male,2009
22,christian,1762,Male,2009
23,julian,1759,Male,2009
24,diego,1749,Male,2009
25,brandon,1720,Male,2009
1,daniel,3734,Male,2008
2,anthony,3624,Male,2008
3,angel,3194,Male,2008
4,jacob,3016,Male,2008
5,david,2908,Male,2008
6,alexander,2865,Male,2008
7,andrew,2829,Male,2008
8,joshua,2745,Male,2008
9,christopher,2607,Male,2008
10,jose,2574,Male,2008
11,matthew,2535,Male,2008
12,ethan,2518,Male,2008
13,nathan,2516,Male,2008
14,michael,2505,Male,2008
15,jonathan,2306,Male,2008
16,joseph,2208,Male,2008
17,diego,2146,Male,2008
18,adrian,2140,Male,2008
19,jayden,2050,Male,2008
20,brandon,2013,Male,2008
21,isaac,1964,Male,2008
22,noah,1933,Male,2008
23,kevin,1915,Male,2008
24,christian,1882,Male,2008
25,ryan,1831,Male,2008
1,daniel,3848,Male,2007
2,anthony,3773,Male,2007
3,angel,3539,Male,2007
4,david,3111,Male,2007
5,jacob,3108,Male,2007
6,andrew,3015,Male,2007
7,christopher,2978,Male,2007
8,joshua,2870,Male,2007
9,jose,2853,Male,2007
10,diego,2620,Male,2007
11,alexander,2599,Male,2007
12,matthew,2574,Male,2007
13,michael,2548,Male,2007
14,ethan,2511,Male,2007
15,jonathan,2493,Male,2007
16,nathan,2452,Male,2007
17,joseph,2292,Male,2007
18,adrian,2150,Male,2007
19,brandon,2146,Male,2007
20,kevin,2084,Male,2007
21,christian,2059,Male,2007
22,luis,2011,Male,2007
23,ryan,1974,Male,2007
24,isaac,1973,Male,2007
25,noah,1936,Male,2007
1,daniel,3810,Male,2006
2,anthony,3770,Male,2006
3,angel,3720,Male,2006
4,jacob,3190,Male,2006
5,david,3135,Male,2006
6,andrew,3120,Male,2006
7,jose,3112,Male,2006
8,joshua,3009,Male,2006
9,christopher,2869,Male,2006
10,diego,2748,Male,2006
11,matthew,2739,Male,2006
12,michael,2718,Male,2006
13,jonathan,2625,Male,2006
14,alexander,2487,Male,2006
15,nathan,2444,Male,2006
16,ethan,2391,Male,2006
17,joseph,2359,Male,2006
18,christian,2196,Male,2006
19,adrian,2108,Male,2006
20,juan,2080,Male,2006
21,luis,2077,Male,2006
22,brandon,2068,Male,2006
23,ryan,2049,Male,2006
24,kevin,2046,Male,2006
25,jesus,1950,Male,2006
1,daniel,3902,Male,2005
2,anthony,3721,Male,2005
3,angel,3551,Male,2005
4,david,3253,Male,2005
5,joshua,3209,Male,2005
6,jose,3203,Male,2005
7,andrew,3139,Male,2005
8,jacob,3097,Male,2005
9,matthew,2850,Male,2005
10,michael,2742,Male,2005
11,jonathan,2635,Male,2005
12,christopher,2589,Male,2005
13,joseph,2534,Male,2005
14,alexander,2448,Male,2005
15,nathan,2401,Male,2005
16,ethan,2361,Male,2005
17,ryan,2331,Male,2005
18,diego,2307,Male,2005
19,juan,2219,Male,2005
20,kevin,2195,Male,2005
21,brandon,2115,Male,2005
22,christian,2014,Male,2005
23,luis,2003,Male,2005
24,jesus,1968,Male,2005
25,gabriel,1950,Male,2005
1,daniel,4162,Male,2004
2,anthony,3799,Male,2004
3,andrew,3471,Male,2004
4,jose,3391,Male,2004
5,jacob,3330,Male,2004
6,joshua,3292,Male,2004
7,david,3248,Male,2004
8,angel,3241,Male,2004
9,matthew,2855,Male,2004
10,michael,2847,Male,2004
11,christopher,2758,Male,2004
12,jonathan,2546,Male,2004
13,ryan,2509,Male,2004
14,alexander,2446,Male,2004
15,joseph,2429,Male,2004
16,ethan,2365,Male,2004
17,nathan,2305,Male,2004
18,brandon,2207,Male,2004
19,kevin,2136,Male,2004
20,juan,2111,Male,2004
21,christian,2030,Male,2004
22,jesus,2016,Male,2004
23,nicholas,1998,Male,2004
24,diego,1983,Male,2004
25,luis,1961,Male,2004
1,daniel,4017,Male,2003
2,anthony,3918,Male,2003
3,andrew,3443,Male,2003
4,jose,3363,Male,2003
5,jacob,3347,Male,2003
6,david,3344,Male,2003
7,angel,3241,Male,2003
8,joshua,3202,Male,2003
9,michael,3087,Male,2003
10,matthew,2967,Male,2003
11,christopher,2785,Male,2003
12,joseph,2704,Male,2003
13,jonathan,2697,Male,2003
14,ryan,2560,Male,2003
15,alexander,2365,Male,2003
16,brandon,2361,Male,2003
17,kevin,2265,Male,2003
18,ethan,2228,Male,2003
19,nathan,2113,Male,2003
20,juan,2072,Male,2003
21,luis,2063,Male,2003
22,christian,2060,Male,2003
23,nicholas,2003,Male,2003
24,gabriel,1967,Male,2003
25,jesus,1891,Male,2003
1,daniel,4101,Male,2002
2,anthony,3755,Male,2002
3,jose,3546,Male,2002
4,andrew,3523,Male,2002
5,jacob,3358,Male,2002
6,joshua,3348,Male,2002
7,michael,3205,Male,2002
8,david,3173,Male,2002
9,matthew,3071,Male,2002
10,angel,2912,Male,2002
11,christopher,2886,Male,2002
12,jonathan,2719,Male,2002
13,joseph,2676,Male,2002
14,alexander,2382,Male,2002
15,kevin,2344,Male,2002
16,ryan,2281,Male,2002
17,brandon,2257,Male,2002
17,christian,2257,Male,2002
19,ethan,2252,Male,2002
20,nicholas,2190,Male,2002
21,juan,2047,Male,2002
22,luis,1984,Male,2002
23,jesus,1976,Male,2002
24,nathan,1934,Male,2002
25,justin,1926,Male,2002
1,daniel,4142,Male,2001
2,anthony,3801,Male,2001
3,andrew,3420,Male,2001
4,jose,3419,Male,2001
5,jacob,3363,Male,2001
6,david,3323,Male,2001
7,michael,3266,Male,2001
8,joshua,3196,Male,2001
9,matthew,3069,Male,2001
10,christopher,3006,Male,2001
11,jonathan,2853,Male,2001
12,joseph,2708,Male,2001
13,angel,2492,Male,2001
14,kevin,2391,Male,2001
15,christian,2324,Male,2001
16,nicholas,2309,Male,2001
17,ryan,2308,Male,2001
18,brandon,2265,Male,2001
19,luis,2136,Male,2001
20,jesus,2082,Male,2001
21,alexander,2065,Male,2001
22,justin,2005,Male,2001
23,juan,1983,Male,2001
24,carlos,1916,Male,2001
25,gabriel,1758,Male,2001
1,daniel,4323,Male,2000
2,anthony,3823,Male,2000
3,jose,3773,Male,2000
4,andrew,3572,Male,2000
5,michael,3538,Male,2000
6,jacob,3501,Male,2000
7,joshua,3338,Male,2000
8,christopher,3311,Male,2000
9,david,3263,Male,2000
10,matthew,3238,Male,2000
11,jonathan,2979,Male,2000
12,joseph,2742,Male,2000
13,brandon,2614,Male,2000
14,nicholas,2569,Male,2000
15,ryan,2549,Male,2000
16,christian,2437,Male,2000
17,angel,2353,Male,2000
18,kevin,2351,Male,2000
19,luis,2285,Male,2000
20,juan,2215,Male,2000
21,alexander,2173,Male,2000
22,justin,2156,Male,2000
23,jesus,1889,Male,2000
24,carlos,1773,Male,2000
25,brian,1738,Male,2000
1,daniel,4328,Male,1999
2,jose,3836,Male,1999
3,anthony,3786,Male,1999
4,michael,3721,Male,1999
5,andrew,3577,Male,1999
6,david,3459,Male,1999
7,jacob,3445,Male,1999
8,matthew,3285,Male,1999
9,christopher,3237,Male,1999
10,joshua,3117,Male,1999
11,jonathan,3004,Male,1999
12,joseph,2798,Male,1999
13,nicholas,2517,Male,1999
14,ryan,2501,Male,1999
15,brandon,2475,Male,1999
16,juan,2328,Male,1999
17,christian,2314,Male,1999
18,kevin,2302,Male,1999
19,luis,2271,Male,1999
20,alexander,2226,Male,1999
21,justin,2219,Male,1999
22,angel,2038,Male,1999
23,jesus,1995,Male,1999
24,carlos,1967,Male,1999
25,john,1743,Male,1999
1,daniel,4311,Male,1998
2,jose,4265,Male,1998
3,michael,4118,Male,1998
4,anthony,3864,Male,1998
5,jacob,3548,Male,1998
6,david,3449,Male,1998
7,andrew,3430,Male,1998
8,matthew,3413,Male,1998
9,christopher,3386,Male,1998
10,joshua,3230,Male,1998
11,jonathan,3070,Male,1998
12,joseph,2938,Male,1998
13,nicholas,2744,Male,1998
14,brandon,2727,Male,1998
15,ryan,2423,Male,1998
16,christian,2353,Male,1998
17,juan,2349,Male,1998
18,luis,2299,Male,1998
19,alexander,2228,Male,1998
20,kevin,2219,Male,1998
21,justin,2084,Male,1998
22,angel,1946,Male,1998
23,jesus,1918,Male,1998
24,tyler,1814,Male,1998
25,robert,1781,Male,1998
1,daniel,4393,Male,1997
2,michael,4244,Male,1997
3,jose,4110,Male,1997
4,anthony,3854,Male,1997
5,christopher,3680,Male,1997
6,david,3669,Male,1997
7,andrew,3527,Male,1997
8,jacob,3206,Male,1997
9,matthew,3198,Male,1997
10,jonathan,3178,Male,1997
11,joshua,3071,Male,1997
12,joseph,2851,Male,1997
13,brandon,2818,Male,1997
14,nicholas,2610,Male,1997
15,christian,2576,Male,1997
16,kevin,2544,Male,1997
17,luis,2462,Male,1997
18,ryan,2344,Male,1997
19,juan,2324,Male,1997
20,alexander,2162,Male,1997
21,justin,2139,Male,1997
22,jesus,2006,Male,1997
23,austin,1935,Male,1997
24,tyler,1861,Male,1997
25,john,1810,Male,1997
1,daniel,4623,Male,1996
2,jose,4546,Male,1996
3,michael,4292,Male,1996
4,david,3951,Male,1996
5,christopher,3896,Male,1996
6,anthony,3845,Male,1996
7,andrew,3540,Male,1996
8,jonathan,3319,Male,1996
9,matthew,3309,Male,1996
10,joshua,3308,Male,1996
11,joseph,3009,Male,1996
12,christian,2977,Male,1996
13,jacob,2976,Male,1996
14,nicholas,2829,Male,1996
15,brandon,2818,Male,1996
16,kevin,2815,Male,1996
17,juan,2508,Male,1996
18,ryan,2458,Male,1996
19,alexander,2258,Male,1996
20,justin,2253,Male,1996
21,luis,2237,Male,1996
22,austin,2096,Male,1996
23,tyler,2072,Male,1996
24,robert,2032,Male,1996
25,jesus,2006,Male,1996
1,daniel,4936,Male,1995
2,michael,4674,Male,1995
3,jose,4494,Male,1995
4,christopher,4013,Male,1995
5,david,3956,Male,1995
6,anthony,3901,Male,1995
7,andrew,3609,Male,1995
8,matthew,3502,Male,1995
9,joshua,3449,Male,1995
10,jonathan,3220,Male,1995
11,jacob,3106,Male,1995
12,joseph,3092,Male,1995
13,kevin,3079,Male,1995
14,nicholas,2963,Male,1995
15,brandon,2779,Male,1995
16,christian,2761,Male,1995
17,ryan,2669,Male,1995
18,juan,2468,Male,1995
19,alexander,2453,Male,1995
20,justin,2424,Male,1995
21,tyler,2385,Male,1995
22,robert,2213,Male,1995
23,luis,2174,Male,1995
24,austin,2145,Male,1995
25,jesus,2065,Male,1995
1,daniel,5044,Male,1994
2,michael,4998,Male,1994
3,jose,4717,Male,1994
4,christopher,4172,Male,1994
5,david,4005,Male,1994
6,anthony,3856,Male,1994
7,andrew,3756,Male,1994
8,matthew,3521,Male,1994
9,joshua,3509,Male,1994
10,kevin,3342,Male,1994
11,jonathan,3308,Male,1994
12,brandon,3258,Male,1994
13,joseph,3026,Male,1994
14,jacob,2909,Male,1994
15,ryan,2860,Male,1994
16,nicholas,2831,Male,1994
17,juan,2656,Male,1994
18,alexander,2552,Male,1994
19,christian,2542,Male,1994
20,tyler,2432,Male,1994
21,robert,2420,Male,1994
22,luis,2364,Male,1994
23,john,2301,Male,1994
24,james,2244,Male,1994
25,justin,2229,Male,1994
1,michael,5692,Male,1993
2,daniel,5190,Male,1993
3,jose,4924,Male,1993
4,christopher,4600,Male,1993
5,david,4337,Male,1993
6,andrew,3911,Male,1993
7,anthony,3821,Male,1993
8,matthew,3743,Male,1993
9,joshua,3683,Male,1993
10,kevin,3570,Male,1993
11,jonathan,3507,Male,1993
12,ryan,3128,Male,1993
13,nicholas,3096,Male,1993
14,joseph,3091,Male,1993
15,brandon,3013,Male,1993
16,alexander,2793,Male,1993
17,christian,2768,Male,1993
18,jacob,2753,Male,1993
19,juan,2651,Male,1993
20,robert,2622,Male,1993
21,luis,2522,Male,1993
22,tyler,2460,Male,1993
23,john,2405,Male,1993
24,james,2349,Male,1993
25,eric,2194,Male,1993
1,michael,6488,Male,1992
2,daniel,5303,Male,1992
3,christopher,5102,Male,1992
4,jose,4980,Male,1992
5,david,4748,Male,1992
6,andrew,4112,Male,1992
7,matthew,4008,Male,1992
8,anthony,3949,Male,1992
9,jonathan,3817,Male,1992
10,joshua,3725,Male,1992
11,kevin,3489,Male,1992
12,joseph,3179,Male,1992
13,ryan,3120,Male,1992
14,brandon,3108,Male,1992
15,nicholas,3053,Male,1992
16,juan,2838,Male,1992
17,robert,2824,Male,1992
18,alexander,2811,Male,1992
19,christian,2809,Male,1992
20,james,2685,Male,1992
21,john,2567,Male,1992
22,jacob,2500,Male,1992
23,eric,2496,Male,1992
23,tyler,2496,Male,1992
25,luis,2432,Male,1992
1,michael,7456,Male,1991
2,christopher,5672,Male,1991
3,daniel,5412,Male,1991
4,jose,4986,Male,1991
5,david,4779,Male,1991
6,matthew,4414,Male,1991
7,andrew,4247,Male,1991
8,joshua,4222,Male,1991
9,anthony,4110,Male,1991
10,jonathan,4051,Male,1991
11,kevin,3526,Male,1991
12,joseph,3513,Male,1991
13,ryan,3281,Male,1991
14,robert,3190,Male,1991
15,nicholas,3188,Male,1991
16,james,2952,Male,1991
17,juan,2777,Male,1991
18,brandon,2736,Male,1991
19,eric,2732,Male,1991
20,alexander,2722,Male,1991
21,john,2668,Male,1991
22,justin,2575,Male,1991
23,kyle,2508,Male,1991
24,jacob,2413,Male,1991
25,steven,2404,Male,1991
1,michael,8093,Male,1990
2,christopher,6537,Male,1990
3,daniel,5692,Male,1990
4,david,5257,Male,1990
5,jose,4903,Male,1990
6,matthew,4805,Male,1990
7,andrew,4481,Male,1990
8,joshua,4223,Male,1990
9,jonathan,4040,Male,1990
10,anthony,3908,Male,1990
11,ryan,3615,Male,1990
12,robert,3561,Male,1990
13,joseph,3534,Male,1990
14,nicholas,3457,Male,1990
15,kevin,3262,Male,1990
16,james,3071,Male,1990
17,justin,2988,Male,1990
18,eric,2978,Male,1990
19,john,2878,Male,1990
20,juan,2737,Male,1990
21,kyle,2633,Male,1990
22,steven,2630,Male,1990
23,alexander,2536,Male,1990
24,brian,2325,Male,1990
25,luis,2268,Male,1990
1,michael,7783,Male,1989
2,christopher,6417,Male,1989
3,daniel,5511,Male,1989
4,david,5290,Male,1989
5,matthew,4664,Male,1989
6,andrew,4360,Male,1989
7,joshua,4216,Male,1989
8,jose,4122,Male,1989
9,anthony,3705,Male,1989
10,robert,3699,Male,1989
11,jonathan,3562,Male,1989
12,ryan,3506,Male,1989
13,joseph,3357,Male,1989
14,nicholas,3244,Male,1989
15,kevin,3107,Male,1989
16,james,3054,Male,1989
17,justin,2980,Male,1989
18,john,2956,Male,1989
19,eric,2644,Male,1989
20,steven,2476,Male,1989
21,kyle,2369,Male,1989
22,alexander,2304,Male,1989
23,brian,2297,Male,1989
24,richard,2237,Male,1989
25,william,2204,Male,1989
1,michael,7815,Male,1988
2,christopher,6504,Male,1988
3,daniel,5397,Male,1988
4,david,5160,Male,1988
5,matthew,4858,Male,1988
6,andrew,4563,Male,1988
7,joshua,3985,Male,1988
8,robert,3641,Male,1988
9,anthony,3581,Male,1988
10,jose,3538,Male,1988
11,jonathan,3507,Male,1988
12,ryan,3381,Male,1988
13,justin,3301,Male,1988
14,joseph,3284,Male,1988
15,james,3112,Male,1988
16,nicholas,3099,Male,1988
17,john,2940,Male,1988
18,kevin,2876,Male,1988
19,eric,2640,Male,1988
20,brian,2586,Male,1988
21,steven,2478,Male,1988
22,brandon,2355,Male,1988
23,alexander,2266,Male,1988
24,kyle,2230,Male,1988
25,richard,2160,Male,1988
1,michael,7448,Male,1987
2,christopher,6564,Male,1987
3,daniel,5400,Male,1987
4,david,5312,Male,1987
5,matthew,4684,Male,1987
6,andrew,4366,Male,1987
7,joshua,3760,Male,1987
8,robert,3566,Male,1987
9,ryan,3444,Male,1987
10,anthony,3424,Male,1987
11,jose,3284,Male,1987
12,joseph,3147,Male,1987
13,jonathan,3114,Male,1987
14,john,2997,Male,1987
15,james,2965,Male,1987
16,justin,2947,Male,1987
17,kevin,2759,Male,1987
18,eric,2726,Male,1987
19,nicholas,2700,Male,1987
20,brian,2460,Male,1987
21,jason,2431,Male,1987
22,steven,2372,Male,1987
23,brandon,2313,Male,1987
24,kyle,2228,Male,1987
25,richard,2141,Male,1987
1,michael,7278,Male,1986
2,christopher,6503,Male,1986
3,daniel,5398,Male,1986
4,david,5253,Male,1986
5,matthew,4664,Male,1986
6,andrew,3990,Male,1986
7,robert,3711,Male,1986
8,ryan,3502,Male,1986
9,joshua,3435,Male,1986
10,anthony,3108,Male,1986
11,james,3069,Male,1986
12,jose,3017,Male,1986
12,joseph,3017,Male,1986
14,jonathan,2930,Male,1986
15,john,2860,Male,1986
16,nicholas,2685,Male,1986
17,jason,2633,Male,1986
18,brandon,2524,Male,1986
19,eric,2464,Male,1986
20,steven,2437,Male,1986
21,kevin,2381,Male,1986
22,justin,2296,Male,1986
23,brian,2283,Male,1986
24,richard,2129,Male,1986
25,kyle,2095,Male,1986
1,michael,7261,Male,1985
2,christopher,6774,Male,1985
3,daniel,5443,Male,1985
4,david,5240,Male,1985
5,matthew,4491,Male,1985
6,robert,3694,Male,1985
7,joshua,3673,Male,1985
8,ryan,3566,Male,1985
9,andrew,3421,Male,1985
10,james,3228,Male,1985
11,anthony,3094,Male,1985
12,jose,3068,Male,1985
13,joseph,3054,Male,1985
14,john,3008,Male,1985
15,jonathan,2920,Male,1985
16,brandon,2703,Male,1985
17,jason,2696,Male,1985
18,nicholas,2654,Male,1985
19,brian,2557,Male,1985
20,eric,2501,Male,1985
21,steven,2500,Male,1985
22,justin,2245,Male,1985
23,richard,2227,Male,1985
24,kevin,2221,Male,1985
25,william,2073,Male,1985
1,michael,7482,Male,1984
2,christopher,6536,Male,1984
3,david,5100,Male,1984
4,daniel,5020,Male,1984
5,matthew,4683,Male,1984
6,robert,3534,Male,1984
7,joshua,3406,Male,1984
8,ryan,3403,Male,1984
9,james,3145,Male,1984
10,john,3075,Male,1984
11,joseph,3027,Male,1984
12,jason,2966,Male,1984
13,anthony,2839,Male,1984
14,jose,2822,Male,1984
15,andrew,2751,Male,1984
16,brian,2725,Male,1984
17,jonathan,2584,Male,1984
18,nicholas,2478,Male,1984
19,justin,2378,Male,1984
20,brandon,2367,Male,1984
21,eric,2334,Male,1984
22,steven,2284,Male,1984
23,richard,2165,Male,1984
24,adam,2064,Male,1984
25,william,1992,Male,1984
1,michael,7424,Male,1983
2,christopher,6374,Male,1983
3,david,4950,Male,1983
4,daniel,4749,Male,1983
5,matthew,4660,Male,1983
6,robert,3599,Male,1983
7,jason,3403,Male,1983
8,ryan,3346,Male,1983
9,joshua,3294,Male,1983
10,joseph,3099,Male,1983
11,james,3087,Male,1983
12,john,3039,Male,1983
13,jose,2760,Male,1983
14,brian,2670,Male,1983
15,andrew,2615,Male,1983
16,anthony,2464,Male,1983
17,jonathan,2448,Male,1983
18,justin,2442,Male,1983
19,eric,2329,Male,1983
20,nicholas,2283,Male,1983
21,steven,2255,Male,1983
22,richard,2199,Male,1983
23,brandon,2183,Male,1983
24,william,2094,Male,1983
25,kevin,1933,Male,1983
1,michael,7155,Male,1982
2,christopher,6095,Male,1982
3,david,5112,Male,1982
4,daniel,4583,Male,1982
5,matthew,4065,Male,1982
6,robert,3651,Male,1982
7,jason,3592,Male,1982
8,joshua,3216,Male,1982
9,james,3202,Male,1982
10,ryan,3123,Male,1982
11,john,3105,Male,1982
12,joseph,3061,Male,1982
13,jose,3016,Male,1982
14,brian,2724,Male,1982
15,justin,2580,Male,1982
16,anthony,2473,Male,1982
17,jonathan,2445,Male,1982
18,andrew,2322,Male,1982
19,nicholas,2253,Male,1982
20,richard,2248,Male,1982
21,eric,2104,Male,1982
22,steven,2093,Male,1982
23,william,2000,Male,1982
24,brandon,1915,Male,1982
25,kevin,1836,Male,1982
1,michael,7221,Male,1981
2,christopher,5226,Male,1981
3,david,4901,Male,1981
4,daniel,4313,Male,1981
5,matthew,3831,Male,1981
6,robert,3743,Male,1981
7,jason,3708,Male,1981
8,joshua,3362,Male,1981
9,john,3213,Male,1981
10,ryan,3153,Male,1981
11,jose,3084,Male,1981
12,joseph,3060,Male,1981
13,james,3037,Male,1981
14,brian,2609,Male,1981
15,justin,2440,Male,1981
16,anthony,2340,Male,1981
17,jonathan,2245,Male,1981
18,richard,2194,Male,1981
19,eric,2109,Male,1981
20,nicholas,2048,Male,1981
21,steven,1972,Male,1981
22,brandon,1915,Male,1981
23,andrew,1845,Male,1981
24,william,1787,Male,1981
25,juan,1776,Male,1981
1,michael,6905,Male,1980
2,david,5042,Male,1980
3,christopher,4824,Male,1980
4,daniel,4127,Male,1980
5,jason,4105,Male,1980
6,robert,3492,Male,1980
7,matthew,3350,Male,1980
8,joshua,3116,Male,1980
9,james,3028,Male,1980
10,john,3004,Male,1980
11,ryan,2971,Male,1980
12,jose,2901,Male,1980
13,joseph,2863,Male,1980
14,brian,2737,Male,1980
15,justin,2404,Male,1980
16,eric,2303,Male,1980
17,richard,2124,Male,1980
18,anthony,2083,Male,1980
19,nicholas,2073,Male,1980
20,steven,1886,Male,1980
21,andrew,1739,Male,1980
22,juan,1732,Male,1980
23,william,1723,Male,1980
24,jonathan,1716,Male,1980
25,kevin,1637,Male,1980
1,michael,6589,Male,1979
2,david,4872,Male,1979
3,christopher,4785,Male,1979
4,jason,4107,Male,1979
5,daniel,3533,Male,1979
6,robert,3438,Male,1979
7,john,2985,Male,1979
8,james,2982,Male,1979
8,matthew,2982,Male,1979
10,joshua,2884,Male,1979
11,ryan,2871,Male,1979
12,brian,2667,Male,1979
13,jose,2666,Male,1979
14,joseph,2642,Male,1979
15,anthony,2083,Male,1979
16,eric,2072,Male,1979
17,nicholas,2071,Male,1979
18,richard,2046,Male,1979
19,steven,1856,Male,1979
20,william,1738,Male,1979
21,kevin,1680,Male,1979
22,jeffrey,1614,Male,1979
23,justin,1569,Male,1979
24,andrew,1563,Male,1979
25,juan,1560,Male,1979
1,michael,6546,Male,1978
2,david,4576,Male,1978
3,jason,4285,Male,1978
4,christopher,4127,Male,1978
5,daniel,3422,Male,1978
6,robert,3332,Male,1978
7,james,3111,Male,1978
8,matthew,3007,Male,1978
9,john,2920,Male,1978
10,brian,2767,Male,1978
11,joshua,2550,Male,1978
12,jose,2512,Male,1978
13,joseph,2504,Male,1978
14,ryan,2432,Male,1978
15,anthony,2049,Male,1978
16,eric,1957,Male,1978
17,richard,1944,Male,1978
18,steven,1889,Male,1978
19,nicholas,1785,Male,1978
20,william,1701,Male,1978
21,kevin,1694,Male,1978
22,jeffrey,1576,Male,1978
23,andrew,1466,Male,1978
24,juan,1452,Male,1978
25,justin,1410,Male,1978
1,michael,6387,Male,1977
2,david,4395,Male,1977
3,jason,4384,Male,1977
4,christop*,4094,Male,1977
5,daniel,3373,Male,1977
6,robert,3365,Male,1977
7,james,2966,Male,1977
8,brian,2933,Male,1977
9,matthew,2850,Male,1977
10,john,2800,Male,1977
11,ryan,2467,Male,1977
12,joshua,2439,Male,1977
13,joseph,2329,Male,1977
14,jose,2310,Male,1977
15,richard,2087,Male,1977
16,eric,2019,Male,1977
17,anthony,1880,Male,1977
18,kevin,1828,Male,1977
19,william,1718,Male,1977
20,steven,1696,Male,1977
21,jeremy,1662,Male,1977
22,jeffrey,1654,Male,1977
23,juan,1373,Male,1977
24,scott,1365,Male,1977
25,andrew,1355,Male,1977
1,michael,6196,Male,1976
2,david,4328,Male,1976
3,jason,4316,Male,1976
4,christop*,3882,Male,1976
5,robert,3385,Male,1976
6,daniel,3179,Male,1976
7,james,2893,Male,1976
8,john,2800,Male,1976
9,matthew,2738,Male,1976
10,brian,2678,Male,1976
11,jose,2336,Male,1976
12,joseph,2135,Male,1976
13,eric,2068,Male,1976
14,joshua,2020,Male,1976
15,ryan,2004,Male,1976
16,richard,1938,Male,1976
17,anthony,1737,Male,1976
17,steven,1737,Male,1976
19,william,1699,Male,1976
20,jeffrey,1594,Male,1976
21,juan,1576,Male,1976
22,jeremy,1519,Male,1976
23,kevin,1509,Male,1976
24,mark,1369,Male,1976
25,scott,1328,Male,1976
1,michael,6278,Male,1975
2,jason,4347,Male,1975
3,david,4058,Male,1975
4,christop*,3858,Male,1975
5,robert,3437,Male,1975
6,daniel,2944,Male,1975
7,james,2871,Male,1975
8,john,2834,Male,1975
9,matthew,2583,Male,1975
10,brian,2565,Male,1975
11,jose,2113,Male,1975
12,richard,1965,Male,1975
13,joseph,1867,Male,1975
14,joshua,1864,Male,1975
15,eric,1840,Male,1975
16,ryan,1833,Male,1975
17,jeffrey,1706,Male,1975
18,william,1703,Male,1975
19,steven,1695,Male,1975
20,anthony,1623,Male,1975
21,scott,1463,Male,1975
22,mark,1427,Male,1975
23,kevin,1268,Male,1975
24,juan,1263,Male,1975
25,jeremy,1254,Male,1975
1,michael,6159,Male,1974
2,jason,4765,Male,1974
3,david,4325,Male,1974
4,christop*,3897,Male,1974
5,robert,3477,Male,1974
6,john,2976,Male,1974
7,brian,2952,Male,1974
8,daniel,2942,Male,1974
9,james,2932,Male,1974
10,matthew,2527,Male,1974
11,richard,1959,Male,1974
12,eric,1957,Male,1974
13,jose,1944,Male,1974
14,joseph,1850,Male,1974
15,jeffrey,1786,Male,1974
16,william,1780,Male,1974
17,steven,1763,Male,1974
18,joshua,1654,Male,1974
19,anthony,1631,Male,1974
20,mark,1626,Male,1974
21,ryan,1517,Male,1974
22,scott,1511,Male,1974
23,kevin,1413,Male,1974
24,aaron,1258,Male,1974
25,paul,1209,Male,1974
1,michael,5960,Male,1973
2,jason,4360,Male,1973
3,david,4101,Male,1973
4,christop*,3696,Male,1973
5,robert,3498,Male,1973
6,john,3144,Male,1973
7,james,2977,Male,1973
8,brian,2798,Male,1973
9,daniel,2768,Male,1973
10,matthew,2252,Male,1973
11,richard,2115,Male,1973
12,eric,2038,Male,1973
13,william,1840,Male,1973
14,joseph,1788,Male,1973
15,jeffrey,1757,Male,1973
16,mark,1739,Male,1973
17,steven,1701,Male,1973
18,jose,1685,Male,1973
19,anthony,1609,Male,1973
20,scott,1513,Male,1973
21,kevin,1399,Male,1973
22,paul,1298,Male,1973
23,ryan,1284,Male,1973
24,joshua,1266,Male,1973
25,thomas,1251,Male,1973
1,michael,6476,Male,1972
2,david,4539,Male,1972
3,christop*,4215,Male,1972
4,jason,3962,Male,1972
5,robert,3916,Male,1972
6,james,3441,Male,1972
7,john,3432,Male,1972
8,brian,2897,Male,1972
9,daniel,2524,Male,1972
10,richard,2326,Male,1972
11,eric,2266,Male,1972
12,matthew,2220,Male,1972
13,william,2011,Male,1972
14,steven,1925,Male,1972
15,jeffrey,1903,Male,1972
16,joseph,1814,Male,1972
17,mark,1754,Male,1972
18,scott,1753,Male,1972
19,anthony,1674,Male,1972
20,kevin,1568,Male,1972
21,jose,1514,Male,1972
22,paul,1438,Male,1972
23,thomas,1376,Male,1972
24,timothy,1316,Male,1972
25,gregory,1178,Male,1972
1,michael,7006,Male,1971
2,david,5114,Male,1971
3,robert,4585,Male,1971
4,john,4220,Male,1971
5,jason,4200,Male,1971
6,christop*,3996,Male,1971
7,james,3892,Male,1971
8,richard,2723,Male,1971
9,daniel,2485,Male,1971
10,brian,2452,Male,1971
11,eric,2398,Male,1971
12,william,2387,Male,1971
13,matthew,2305,Male,1971
14,steven,2302,Male,1971
15,scott,2286,Male,1971
16,jeffrey,2253,Male,1971
17,mark,2025,Male,1971
18,kevin,1953,Male,1971
19,joseph,1945,Male,1971
20,anthony,1798,Male,1971
21,thomas,1678,Male,1971
22,paul,1648,Male,1971
23,timothy,1486,Male,1971
24,jose,1364,Male,1971
25,charles,1318,Male,1971
1,michael,8411,Male,1970
2,david,6254,Male,1970
3,robert,5607,Male,1970
4,john,5022,Male,1970
5,james,4735,Male,1970
6,christop*,3923,Male,1970
7,jason,3891,Male,1970
8,richard,3258,Male,1970
9,william,2831,Male,1970
10,steven,2829,Male,1970
11,eric,2787,Male,1970
12,jeffrey,2757,Male,1970
13,mark,2689,Male,1970
14,brian,2621,Male,1970
15,daniel,2612,Male,1970
16,scott,2332,Male,1970
17,kevin,2284,Male,1970
18,joseph,2226,Male,1970
19,matthew,2146,Male,1970
20,anthony,2114,Male,1970
21,thomas,2011,Male,1970
22,paul,1972,Male,1970
23,timothy,1787,Male,1970
24,gregory,1642,Male,1970
25,charles,1609,Male,1970
1,michael,8544,Male,1969
2,david,6457,Male,1969
3,robert,6051,Male,1969
4,john,5167,Male,1969
5,james,4687,Male,1969
6,christop*,3518,Male,1969
7,richard,3363,Male,1969
8,steven,2893,Male,1969
9,mark,2889,Male,1969
10,brian,2796,Male,1969
11,william,2745,Male,1969
12,daniel,2711,Male,1969
13,jeffrey,2689,Male,1969
14,jason,2619,Male,1969
15,eric,2615,Male,1969
16,scott,2372,Male,1969
17,thomas,2187,Male,1969
18,anthony,2152,Male,1969
19,joseph,2135,Male,1969
19,paul,2135,Male,1969
21,timothy,1959,Male,1969
22,matthew,1957,Male,1969
23,kevin,1873,Male,1969
24,gregory,1625,Male,1969
25,charles,1572,Male,1969
1,michael,8454,Male,1968
2,david,6405,Male,1968
3,robert,5909,Male,1968
4,john,5465,Male,1968
5,james,4844,Male,1968
6,richard,3560,Male,1968
7,christop*,3153,Male,1968
8,mark,3096,Male,1968
9,steven,2972,Male,1968
10,william,2867,Male,1968
11,jeffrey,2698,Male,1968
12,daniel,2652,Male,1968
13,brian,2650,Male,1968
14,eric,2408,Male,1968
15,scott,2303,Male,1968
16,timothy,2214,Male,1968
17,paul,2184,Male,1968
18,thomas,2129,Male,1968
19,anthony,2086,Male,1968
20,joseph,2074,Male,1968
21,kevin,1957,Male,1968
22,matthew,1773,Male,1968
23,kenneth,1691,Male,1968
24,gregory,1548,Male,1968
25,charles,1523,Male,1968
1,michael,8588,Male,1967
2,david,6852,Male,1967
3,robert,5569,Male,1967
4,john,5474,Male,1967
5,james,4889,Male,1967
6,richard,3680,Male,1967
7,mark,3130,Male,1967
8,steven,3053,Male,1967
9,william,2901,Male,1967
10,christop*,2888,Male,1967
11,daniel,2624,Male,1967
12,jeffrey,2515,Male,1967
13,eric,2454,Male,1967
14,brian,2441,Male,1967
15,timothy,2325,Male,1967
16,anthony,2187,Male,1967
17,scott,2163,Male,1967
18,paul,2157,Male,1967
19,joseph,2149,Male,1967
19,thomas,2149,Male,1967
21,kevin,2007,Male,1967
22,kenneth,1778,Male,1967
23,ronald,1673,Male,1967
24,gregory,1554,Male,1967
25,charles,1545,Male,1967
1,michael,8164,Male,1966
2,david,6716,Male,1966
3,robert,5973,Male,1966
4,john,5619,Male,1966
5,james,5251,Male,1966
6,richard,3767,Male,1966
7,steven,3191,Male,1966
8,mark,3166,Male,1966
9,william,2938,Male,1966
10,christop*,2866,Male,1966
11,jeffrey,2754,Male,1966
12,daniel,2688,Male,1966
13,timothy,2370,Male,1966
14,brian,2363,Male,1966
15,paul,2217,Male,1966
16,thomas,2141,Male,1966
17,eric,2127,Male,1966
18,joseph,2112,Male,1966
19,anthony,2056,Male,1966
20,scott,2044,Male,1966
21,kevin,2012,Male,1966
22,kenneth,1908,Male,1966
23,ronald,1899,Male,1966
24,gregory,1708,Male,1966
25,charles,1612,Male,1966
1,michael,8632,Male,1965
2,david,6816,Male,1965
3,robert,6352,Male,1965
4,john,6244,Male,1965
5,james,5558,Male,1965
6,richard,4114,Male,1965
7,mark,3433,Male,1965
8,steven,3362,Male,1965
9,william,3158,Male,1965
10,daniel,2980,Male,1965
11,jeffrey,2732,Male,1965
12,christop*,2645,Male,1965
13,thomas,2476,Male,1965
14,timothy,2431,Male,1965
15,joseph,2343,Male,1965
16,kevin,2299,Male,1965
17,paul,2281,Male,1965
18,kenneth,2209,Male,1965
19,brian,2162,Male,1965
20,eric,2155,Male,1965
21,scott,2054,Male,1965
22,ronald,2023,Male,1965
23,anthony,2017,Male,1965
24,gregory,1902,Male,1965
25,charles,1714,Male,1965
1,michael,8899,Male,1964
2,david,7495,Male,1964
3,john,7195,Male,1964
4,robert,7108,Male,1964
5,james,5946,Male,1964
6,richard,4368,Male,1964
7,mark,3978,Male,1964
8,william,3615,Male,1964
9,steven,3605,Male,1964
10,daniel,2940,Male,1964
11,jeffrey,2912,Male,1964
12,thomas,2733,Male,1964
13,kevin,2542,Male,1964
14,kenneth,2464,Male,1964
15,joseph,2414,Male,1964
16,paul,2408,Male,1964
17,scott,2336,Male,1964
18,christop*,2293,Male,1964
18,timothy,2293,Male,1964
20,ronald,2225,Male,1964
21,gregory,2224,Male,1964
22,brian,2083,Male,1964
23,anthony,1970,Male,1964
24,charles,1880,Male,1964
25,eric,1878,Male,1964
1,michael,9136,Male,1963
2,david,7692,Male,1963
3,robert,7132,Male,1963
4,john,6978,Male,1963
5,james,5793,Male,1963
6,mark,4651,Male,1963
7,richard,4568,Male,1963
8,steven,3759,Male,1963
9,william,3662,Male,1963
10,jeffrey,3213,Male,1963
11,daniel,3131,Male,1963
12,thomas,2850,Male,1963
13,scott,2682,Male,1963
14,kevin,2664,Male,1963
15,kenneth,2512,Male,1963
16,gregory,2494,Male,1963
17,ronald,2422,Male,1963
18,joseph,2344,Male,1963
19,christop*,2313,Male,1963
20,paul,2312,Male,1963
21,timothy,2288,Male,1963
22,brian,2264,Male,1963
23,charles,2103,Male,1963
24,anthony,2063,Male,1963
25,donald,1851,Male,1963
1,michael,9336,Male,1962
2,david,8059,Male,1962
3,robert,7031,Male,1962
4,john,6612,Male,1962
5,james,5863,Male,1962
6,mark,4911,Male,1962
7,richard,4340,Male,1962
8,steven,3914,Male,1962
9,william,3727,Male,1962
10,jeffrey,3389,Male,1962
11,daniel,3049,Male,1962
12,thomas,2902,Male,1962
13,scott,2753,Male,1962
14,kenneth,2587,Male,1962
15,gregory,2548,Male,1962
16,kevin,2429,Male,1962
17,ronald,2426,Male,1962
18,joseph,2387,Male,1962
19,timothy,2345,Male,1962
20,christop*,2219,Male,1962
21,paul,2157,Male,1962
22,charles,2077,Male,1962
23,brian,2061,Male,1962
24,anthony,2001,Male,1962
25,donald,1929,Male,1962
1,michael,9444,Male,1961
2,david,8353,Male,1961
3,robert,7054,Male,1961
4,john,6751,Male,1961
5,james,6055,Male,1961
6,mark,5339,Male,1961
7,steven,4211,Male,1961
8,richard,4186,Male,1961
9,william,3763,Male,1961
10,daniel,3212,Male,1961
11,jeffrey,3118,Male,1961
12,thomas,2991,Male,1961
13,kenneth,2534,Male,1961
14,ronald,2515,Male,1961
15,kevin,2449,Male,1961
16,timothy,2405,Male,1961
17,gregory,2364,Male,1961
18,christop*,2266,Male,1961
19,joseph,2234,Male,1961
20,charles,2172,Male,1961
21,paul,2162,Male,1961
22,donald,2146,Male,1961
23,scott,2117,Male,1961
24,brian,2026,Male,1961
25,anthony,1999,Male,1961
1,michael,8770,Male,1960
2,david,8033,Male,1960
3,robert,6798,Male,1960
4,john,6308,Male,1960
5,james,5900,Male,1960
6,mark,5389,Male,1960
7,richard,4436,Male,1960
8,steven,4310,Male,1960
9,william,3943,Male,1960
10,daniel,3081,Male,1960
11,thomas,2978,Male,1960
12,jeffrey,2940,Male,1960
13,timothy,2695,Male,1960
14,kenneth,2563,Male,1960
15,ronald,2477,Male,1960
16,kevin,2325,Male,1960
17,gregory,2266,Male,1960
18,joseph,2178,Male,1960
19,charles,2172,Male,1960
20,donald,2162,Male,1960
21,paul,2136,Male,1960
22,brian,1968,Male,1960
23,christop*,1951,Male,1960
24,anthony,1906,Male,1960
25,scott,1893,Male,1960
